sweep_id,rep,n,p,sigma,estimator,lambda,kappa,ISE,OpErr,OpErr2,RMSE,DiscErr,cell_label
2,0,100,80,0.1935873133509986,ols,0.0,4.677461828425199e+18,30.62876561084299,0.19011606084952315,0.03614411659293959,0.2723954798570665,5.3277541801534706e-05,n=100
2,1,100,80,0.1935873133509986,ols,0.0,1.4790689510787136e+18,32.85481357168755,0.1954134630159456,0.03818642152788433,0.27625397454759043,5.3009953764873835e-05,n=100
2,2,100,80,0.1935873133509986,ols,0.0,1.5891545228073935e+18,30.11322424425703,0.19347243646748258,0.03743158367266408,0.27298280912121287,5.065624035581893e-05,n=100
2,3,100,80,0.1935873133509986,ols,0.0,2.4738345713877266e+19,33.57976903888179,0.1914662653795322,0.03665933077838545,0.27134088729615496,5.3145330851738354e-05,n=100
2,4,100,80,0.1935873133509986,ols,0.0,1.820788450727375e+18,31.29558099405084,0.19151914660967764,0.0366795835180992,0.2721907857978103,5.2027080354889025e-05,n=100
2,5,100,80,0.1935873133509986,ols,0.0,2.2597185320390748e+18,34.365679883843875,0.193418195470013,0.03741059833887615,0.27389362644355075,5.275656923320476e-05,n=100
2,6,100,80,0.1935873133509986,ols,0.0,5.938304611333958e+18,33.33219466669082,0.19930599690819545,0.03972288040356962,0.27840436975836086,5.2814563392175726e-05,n=100
2,7,100,80,0.1935873133509986,ols,0.0,2.150969897290172e+18,33.028126036464414,0.19964645394034666,0.039858706570954965,0.27708240773625625,5.356991202090589e-05,n=100
2,8,100,80,0.1935873133509986,ols,0.0,4.0819752507243213e+18,33.45303265291301,0.1969380992554274,0.038784614938340574,0.27550840563771123,5.510358198243919e-05,n=100
2,9,100,80,0.1935873133509986,ols,0.0,2.3115141951372544e+18,30.175469754558858,0.1920774287817973,0.03689373864742641,0.27260697218865065,5.3034442544277395e-05,n=100
2,10,100,80,0.1935873133509986,ols,0.0,1.335678547859096e+18,29.72088032319929,0.18668889092009422,0.034852741992974834,0.26752981793285935,5.4529080816279917e-05,n=100
2,11,100,80,0.1935873133509986,ols,0.0,5.636984503843864e+18,33.774920021920636,0.19776341618578352,0.03911036878147142,0.27554002971519614,5.382448396319039e-05,n=100
2,12,100,80,0.1935873133509986,ols,0.0,2.4346150830394143e+18,31.056421804591263,0.19083660390709256,0.036418609390792535,0.2717877783933397,5.273368297104279e-05,n=100
2,13,100,80,0.1935873133509986,ols,0.0,2.720370051564614e+18,33.90123112996728,0.19669118891714102,0.03868742379763846,0.2764642136231361,5.5824115236286774e-05,n=100
2,14,100,80,0.1935873133509986,ols,0.0,2.0849750457175708e+19,28.736794408899218,0.18601557073001956,0.03460179255401491,0.26855594481501693,5.318848100873994e-05,n=100
2,15,100,80,0.1935873133509986,ols,0.0,1.0719272080348617e+18,30.210041951679358,0.19340359717315772,0.037404951399517064,0.27508935648010246,5.39707232650788e-05,n=100
2,16,100,80,0.1935873133509986,ols,0.0,1.7512625477238866e+18,31.187119878148934,0.1883962079839571,0.03549313118273442,0.26862478312314975,5.0729334751302776e-05,n=100
2,17,100,80,0.1935873133509986,ols,0.0,5.325100147629123e+18,29.863527170869112,0.19170343086933386,0.036750205407073466,0.27187626792045816,5.6953111875020175e-05,n=100
2,18,100,80,0.1935873133509986,ols,0.0,6.050789873578146e+18,30.816501202106032,0.19191020865486008,0.036829528185951935,0.27186409710818843,5.525076794411192e-05,n=100
2,19,100,80,0.1935873133509986,ols,0.0,2.2534572519212024e+18,34.95064644267207,0.19250197873199823,0.0370570118157347,0.27232284365453047,5.1734075777080936e-05,n=100
2,20,100,80,0.1935873133509986,ols,0.0,1.2162704008894687e+19,30.075846167587184,0.18967480294773115,0.035976530873260644,0.2704881124423843,5.435817229349292e-05,n=100
2,21,100,80,0.1935873133509986,ols,0.0,1.156555126883332e+18,34.44376295919963,0.1972783072526781,0.038918730512482055,0.27562310615609703,5.255870040890694e-05,n=100
2,22,100,80,0.1935873133509986,ols,0.0,4.213382658578663e+18,35.99930970618762,0.207090429779127,0.04288644610610354,0.2829100177268006,5.248398008821547e-05,n=100
2,23,100,80,0.1935873133509986,ols,0.0,2.1176662632176172e+18,27.174300701644114,0.17855080339548676,0.031880389393173766,0.26413783193228546,5.213996873784588e-05,n=100
2,24,100,80,0.1935873133509986,ols,0.0,3.8830527613107594e+18,33.68057815318918,0.1925920952010943,0.037091715133947364,0.27227500005339844,5.4083485783781016e-05,n=100
2,25,100,80,0.1935873133509986,ols,0.0,8.999472146035083e+18,29.6462120601931,0.18517277566644116,0.03428895684801414,0.2685257056025625,5.177751576901055e-05,n=100
2,26,100,80,0.1935873133509986,ols,0.0,2.0223339310292887e+18,37.672202004237285,0.20847090252266273,0.04346011719861355,0.2855884926158113,5.3142595053075845e-05,n=100
2,27,100,80,0.1935873133509986,ols,0.0,2.1770920615040906e+18,35.711055668075,0.20071610709156765,0.04028695564599365,0.2777952035535172,5.550159410896722e-05,n=100
2,28,100,80,0.1935873133509986,ols,0.0,1.912710177325468e+18,33.730673235841586,0.19426556496249042,0.03773910973019559,0.2748970982317103,5.232287960312543e-05,n=100
2,29,100,80,0.1935873133509986,ols,0.0,3.109135117354997e+18,34.711271175831165,0.2019100539844453,0.04076766990000162,0.2799603326429245,5.257438098750803e-05,n=100
2,30,100,80,0.1935873133509986,ols,0.0,1.6240261386016942e+18,30.995236393388485,0.188177946590239,0.03541093958291884,0.2694006123817332,5.156994389977516e-05,n=100
2,31,100,80,0.1935873133509986,ols,0.0,1.6857446495419702e+20,33.620429587335046,0.19409788339998962,0.037673988340355964,0.2747936836358157,5.4240033570227906e-05,n=100
2,32,100,80,0.1935873133509986,ols,0.0,3.8377480761928116e+20,32.67909458152314,0.19482402101087326,0.037956399162845184,0.2736597689308554,5.324136257994353e-05,n=100
2,33,100,80,0.1935873133509986,ols,0.0,5.353778722385613e+18,31.120571476639007,0.18825476306596547,0.0354398558170228,0.27021421706073073,5.180070719428506e-05,n=100
2,34,100,80,0.1935873133509986,ols,0.0,8.621601738369436e+17,34.189444527266694,0.19970702800672321,0.03988289703527813,0.2785146239664759,5.064028658946437e-05,n=100
2,35,100,80,0.1935873133509986,ols,0.0,1.191805732304553e+19,31.381356729264763,0.18772495712335246,0.03524065952696452,0.27063480610431545,5.043042530618152e-05,n=100
2,36,100,80,0.1935873133509986,ols,0.0,1.8020447579153144e+19,36.19303736932341,0.20430588800885,0.041740895875084755,0.2813855450737702,5.115094417777757e-05,n=100
2,37,100,80,0.1935873133509986,ols,0.0,9.81061337994825e+18,32.66905284296315,0.19543931673840587,0.03819652652717493,0.27469215570058697,5.241998435934591e-05,n=100
2,38,100,80,0.1935873133509986,ols,0.0,2.35148633773858e+18,32.28143776986853,0.19575337160520317,0.038319382494804766,0.2758113190301149,5.463548711870849e-05,n=100
2,39,100,80,0.1935873133509986,ols,0.0,1.0182509633212836e+19,30.6664951130395,0.18876621348486966,0.03563268335341539,0.2697422419230745,5.2485991457577356e-05,n=100
2,40,100,80,0.1935873133509986,ols,0.0,1.2650998806445318e+19,33.385301231937305,0.195312233853671,0.03814686869291106,0.27421278817802897,5.466275176630205e-05,n=100
2,41,100,80,0.1935873133509986,ols,0.0,5.122399599796437e+18,31.672862506322698,0.1951319488477469,0.03807647746111971,0.2732467367708816,5.217427670337682e-05,n=100
2,42,100,80,0.1935873133509986,ols,0.0,3.6532663551375585e+18,31.255389397975375,0.19214263751333355,0.0369187931505803,0.27333553797761756,5.199415028292162e-05,n=100
2,43,100,80,0.1935873133509986,ols,0.0,2.7892364661606415e+18,29.37602279564524,0.18335802421411818,0.03362016504370515,0.2682125585388117,5.371944379653039e-05,n=100
2,44,100,80,0.1935873133509986,ols,0.0,2.0573548694379633e+18,36.0828037348922,0.200054117116924,0.04002164977543195,0.27935355460849326,5.3315118941468484e-05,n=100
2,45,100,80,0.1935873133509986,ols,0.0,5.832388895305529e+18,32.433187503220005,0.19711638832707665,0.03885487054711088,0.27601272823953915,5.507967171407707e-05,n=100
2,46,100,80,0.1935873133509986,ols,0.0,2.156912149855152e+18,33.92982828980475,0.20088349974802333,0.04035418047101409,0.2770988309940386,5.140422577924498e-05,n=100
2,47,100,80,0.1935873133509986,ols,0.0,1.5245447290769308e+18,34.2968913650045,0.19851461142566645,0.03940805094948334,0.27851640004056316,5.208367034680649e-05,n=100
2,48,100,80,0.1935873133509986,ols,0.0,4.838180918328275e+18,32.67770869928764,0.20185650988866197,0.04074605058443149,0.2806593254329044,5.276388169905982e-05,n=100
2,49,100,80,0.1935873133509986,ols,0.0,1.0559403088395912e+18,34.87936777428972,0.2012574060260429,0.04050454348033148,0.28034157467820037,5.2671937592349684e-05,n=100
2,50,100,80,0.1935873133509986,ols,0.0,1.1512591668100486e+18,32.28596942765489,0.19397864887842797,0.03762771622070044,0.2728389564509548,5.362898295031151e-05,n=100
2,51,100,80,0.1935873133509986,ols,0.0,3.0365989583834076e+18,29.252873085153478,0.18628337066674883,0.03470149418696534,0.2690748274964748,5.024247632217574e-05,n=100
2,52,100,80,0.1935873133509986,ols,0.0,3.6299747428996326e+18,32.67365129550506,0.19904386499441262,0.03961846019191396,0.27679902226884534,4.901525087649827e-05,n=100
2,53,100,80,0.1935873133509986,ols,0.0,4.6038495210251044e+18,33.94015163278456,0.1983114965986474,0.03932744968319534,0.277124589376402,5.0881394378201526e-05,n=100
2,54,100,80,0.1935873133509986,ols,0.0,1.300817128894418e+18,34.741425783903246,0.20023798808394547,0.04009525187190628,0.27882089356416656,5.236434012361588e-05,n=100
2,55,100,80,0.1935873133509986,ols,0.0,2.19770426050051e+19,32.647783571859335,0.18706019788194592,0.03499151763163276,0.2701819569507733,5.216171359114609e-05,n=100
2,56,100,80,0.1935873133509986,ols,0.0,3.8763570988160527e+18,35.624214531591626,0.20733833284786995,0.04298918426813411,0.28277379889222537,5.1957587775029864e-05,n=100
2,57,100,80,0.1935873133509986,ols,0.0,6.033184033282078e+18,31.837556060893707,0.19717036625942747,0.038876153330876774,0.27749143775247814,5.381302975310408e-05,n=100
2,58,100,80,0.1935873133509986,ols,0.0,8.964885339090424e+18,31.130466385901535,0.18944923159889307,0.03589101135341102,0.2696249400952747,4.916653023629016e-05,n=100
2,59,100,80,0.1935873133509986,ols,0.0,2.9507565967573473e+18,32.440316111365235,0.19452719016171985,0.03784082771221392,0.2738803751448261,5.29082541058673e-05,n=100
2,60,100,80,0.1935873133509986,ols,0.0,1.5313486229773877e+19,35.33807074332926,0.20145736905071518,0.04058507154483605,0.2795533033324699,5.1495854966898e-05,n=100
2,61,100,80,0.1935873133509986,ols,0.0,3.1992395246453955e+18,35.58331386382006,0.2008721006668753,0.04034960082632329,0.27885298071096787,5.151571285098285e-05,n=100
2,62,100,80,0.1935873133509986,ols,0.0,2.813284519901125e+18,33.14213179189338,0.19862260851386562,0.03945094061285233,0.27688902153656486,5.261506139430229e-05,n=100
2,63,100,80,0.1935873133509986,ols,0.0,2.5604237246350877e+19,31.30020434870443,0.19642437538087704,0.03858253524376769,0.27572650467517235,5.178179406725542e-05,n=100
2,64,100,80,0.1935873133509986,ols,0.0,2.7355999451396357e+18,33.59166875694607,0.1969644064366028,0.03879497740292326,0.2750107011854913,5.190766050875612e-05,n=100
2,65,100,80,0.1935873133509986,ols,0.0,2.0088579888854415e+18,33.416618549098025,0.1939450002340131,0.037614663115771343,0.27285155657205284,5.1641576750391514e-05,n=100
2,66,100,80,0.1935873133509986,ols,0.0,2.2495801054360637e+19,32.33992987520293,0.18868446661349392,0.035601827941218696,0.26933333713799823,5.287575065696986e-05,n=100
2,67,100,80,0.1935873133509986,ols,0.0,1.6164656076126403e+18,32.59455765568696,0.19234122454446134,0.0369951466592629,0.27310249616854654,5.442908105996329e-05,n=100
2,68,100,80,0.1935873133509986,ols,0.0,3.4885635070744e+18,33.846371453600106,0.1979831701816605,0.03919733567518035,0.27552216301563137,5.141646836656064e-05,n=100
2,69,100,80,0.1935873133509986,ols,0.0,6.634803243025611e+18,30.55664064770334,0.1934643723606744,0.03742846337290968,0.2741028994330338,5.2566680459618744e-05,n=100
2,70,100,80,0.1935873133509986,ols,0.0,7.279391688997062e+18,29.871707397119508,0.1833741986851499,0.033626096743420826,0.26653961060390796,5.313240189598591e-05,n=100
2,71,100,80,0.1935873133509986,ols,0.0,3.9578713879256294e+18,33.38021917725679,0.19524541839226425,0.03812077340317032,0.2750800037629064,5.1897168364332114e-05,n=100
2,72,100,80,0.1935873133509986,ols,0.0,2.4849307492108595e+18,36.591477252326584,0.2013202119135837,0.04052982772493025,0.27956190728274083,5.3779103525115815e-05,n=100
2,73,100,80,0.1935873133509986,ols,0.0,4.716728887297102e+18,38.30565775219422,0.2079274570895809,0.04323382741173951,0.2850677256754134,5.207710013113518e-05,n=100
2,74,100,80,0.1935873133509986,ols,0.0,1.2131621931073864e+18,34.64878815812862,0.19958287439180428,0.039833323750494726,0.2777980136088518,5.25229396089479e-05,n=100
2,75,100,80,0.1935873133509986,ols,0.0,4.438052014528828e+18,33.11881027929847,0.19745949661016396,0.03899025280153935,0.27627630789668767,5.152066674835269e-05,n=100
2,76,100,80,0.1935873133509986,ols,0.0,1.383276992631633e+19,31.63689438406007,0.1944335055338734,0.03780438807419078,0.2735950596783571,5.083014820857078e-05,n=100
2,77,100,80,0.1935873133509986,ols,0.0,3.07923657717681e+18,37.66988945853004,0.20538432534931828,0.042182721099194624,0.2818520008258515,5.1861063516819724e-05,n=100
2,78,100,80,0.1935873133509986,ols,0.0,1.6612336315517155e+19,31.331527102013617,0.19102534496187498,0.03649068241780334,0.27154288262343695,5.1893591418912534e-05,n=100
2,79,100,80,0.1935873133509986,ols,0.0,5.934093223764952e+18,36.66949732312262,0.20749165227134064,0.043052785762290935,0.2853991880957024,5.4648504181775915e-05,n=100
2,80,100,80,0.1935873133509986,ols,0.0,3.601704027796335e+18,32.64227624881663,0.19607193023847577,0.03844420182744171,0.2761102018074388,5.13186327820461e-05,n=100
2,81,100,80,0.1935873133509986,ols,0.0,1.1482148609615971e+21,36.07065568308525,0.1999216971723388,0.03996868500026834,0.2783403913412348,5.485004033244415e-05,n=100
2,82,100,80,0.1935873133509986,ols,0.0,2.0922475791885865e+18,32.85509625823765,0.19274572592021305,0.03715091486050989,0.27372514306603685,5.233889376472866e-05,n=100
2,83,100,80,0.1935873133509986,ols,0.0,3.552462188677542e+19,33.18448023411199,0.19770940448285307,0.039089008620964406,0.27662555561518537,5.337403373149389e-05,n=100
2,84,100,80,0.1935873133509986,ols,0.0,1.8255735573609298e+18,32.126821899712446,0.19644478923622966,0.03859055521806669,0.2763572428371326,5.56014879116477e-05,n=100
2,85,100,80,0.1935873133509986,ols,0.0,1.2640147986085603e+19,32.76171862112188,0.19166516098376513,0.0367355339349326,0.27241987203093104,5.29150109541984e-05,n=100
2,86,100,80,0.1935873133509986,ols,0.0,7.574844449599634e+19,32.34665524272807,0.19593781298927812,0.03839162655902133,0.27601144797275745,5.317855003811679e-05,n=100
2,87,100,80,0.1935873133509986,ols,0.0,7.910023372809529e+18,32.10421231136627,0.192276914908214,0.036970412006620566,0.2725258450933506,5.349870867184169e-05,n=100
2,88,100,80,0.1935873133509986,ols,0.0,4.0003858504320896e+18,33.83891712325831,0.19726325215684704,0.03891279065149582,0.2758832089832387,5.3109058132709776e-05,n=100
2,89,100,80,0.1935873133509986,ols,0.0,2.196434153381348e+18,36.302103438007265,0.20009894028444586,0.04003958590295823,0.27886287864933434,5.384685584776335e-05,n=100
2,90,100,80,0.1935873133509986,ols,0.0,3.0211862849471386e+18,34.25626012250697,0.20005747204449637,0.04002299212083444,0.27976355954305365,5.114485464957968e-05,n=100
2,91,100,80,0.1935873133509986,ols,0.0,2.725163560321758e+18,34.68736700385411,0.19871573459118483,0.039487943174114214,0.2769793102291892,5.455966363466515e-05,n=100
2,92,100,80,0.1935873133509986,ols,0.0,3.8568626561933757e+18,32.34057243171536,0.1939954255293971,0.037634225126331855,0.2723709492786759,5.4156820987994345e-05,n=100
2,93,100,80,0.1935873133509986,ols,0.0,1.6694869138450895e+18,30.958757201995496,0.18686363150147262,0.03491801677791815,0.2683789979164204,5.29457487052572e-05,n=100
2,94,100,80,0.1935873133509986,ols,0.0,1.6415643604803018e+18,33.93018761672795,0.20267762159894245,0.0410782182970041,0.2821464616643136,5.220351863623508e-05,n=100
2,95,100,80,0.1935873133509986,ols,0.0,1.7021393245674972e+18,30.932736673392334,0.18896115917304723,0.03570631967602169,0.2700810125564695,5.283388790983058e-05,n=100
2,96,100,80,0.1935873133509986,ols,0.0,3.3139601295769267e+18,31.75173126197149,0.19610989513979346,0.038459090971740786,0.2762130927262105,5.3112719319418546e-05,n=100
2,97,100,80,0.1935873133509986,ols,0.0,8.937163642208913e+18,30.538787583940813,0.18801741058615115,0.03535054668352134,0.2694076735073461,5.372050513364044e-05,n=100
2,98,100,80,0.1935873133509986,ols,0.0,1.170943526827971e+18,31.62054231829094,0.18857686810768434,0.03556123518530297,0.26962088035416615,4.985522882194464e-05,n=100
2,99,100,80,0.1935873133509986,ols,0.0,2.5967238259651144e+18,35.35406907408285,0.20446573107810484,0.04180623518530389,0.27968639569542325,5.418855868245577e-05,n=100
2,0,250,80,0.1935873133509986,ols,0.0,1.484408653325192e+18,7.953169478474926,0.09619910972877029,0.009254268712607986,0.2162437999008585,5.221294504936375e-05,n=250
2,1,250,80,0.1935873133509986,ols,0.0,1.5965674485523607e+18,8.436758835009131,0.09718827441193902,0.00944556068317036,0.21683146158341804,5.506674980581244e-05,n=250
2,2,250,80,0.1935873133509986,ols,0.0,2.5565218723581005e+18,8.043448336031142,0.09710492863154989,0.009429367164538396,0.2161194419614278,5.046902835993077e-05,n=250
2,3,250,80,0.1935873133509986,ols,0.0,2.617071273819648e+18,8.834234864584733,0.09933061958547862,0.009866571987235067,0.21621110681484995,4.9881942673539765e-05,n=250
2,4,250,80,0.1935873133509986,ols,0.0,1.590970129398166e+18,7.747163323140974,0.09671704172135431,0.009354186159330192,0.21598960597185587,4.9810185553057605e-05,n=250
2,5,250,80,0.1935873133509986,ols,0.0,1.7235807838168596e+18,7.909855297274637,0.09621007683749255,0.009256378885076222,0.21733723808500668,5.3059967772836954e-05,n=250
2,6,250,80,0.1935873133509986,ols,0.0,2.389968501278208e+18,8.10172332184535,0.09801484074533227,0.009606909006332848,0.21716615523568536,4.9806010447231395e-05,n=250
2,7,250,80,0.1935873133509986,ols,0.0,8.246249852790869e+18,8.211787276534148,0.09852373015565065,0.009706925403783465,0.2167856398232202,5.431538180626582e-05,n=250
2,8,250,80,0.1935873133509986,ols,0.0,1.3028307937413693e+18,7.760561977672058,0.09739113231452934,0.009485032653506162,0.21757743992312997,5.2207594764255326e-05,n=250
2,9,250,80,0.1935873133509986,ols,0.0,4.372109911278665e+18,8.206532925146812,0.09552337301580595,0.009124714792316805,0.2153882119882773,5.247086186606851e-05,n=250
2,10,250,80,0.1935873133509986,ols,0.0,2.2394878908061824e+18,7.615505915211843,0.09461065184070437,0.008951175441722978,0.21549404766301306,5.3263096399963995e-05,n=250
2,11,250,80,0.1935873133509986,ols,0.0,1.144712406124405e+18,7.7820149374286975,0.09607951773107591,0.00923127372743613,0.2154123245902547,5.682959918951504e-05,n=250
2,12,250,80,0.1935873133509986,ols,0.0,4.029130790075257e+18,7.606128898768884,0.09454511916623196,0.008938779558157002,0.21603590945351656,5.272560060069401e-05,n=250
2,13,250,80,0.1935873133509986,ols,0.0,5.333921649376578e+18,7.515930848064391,0.09473833428975634,0.008975351983997622,0.21487077811000965,5.425539515365826e-05,n=250
2,14,250,80,0.1935873133509986,ols,0.0,1.4788674947693476e+18,7.989771930872102,0.09619097309137516,0.00925270330426566,0.2175547588922424,5.2508647468617884e-05,n=250
2,15,250,80,0.1935873133509986,ols,0.0,3.9244678525263944e+18,8.38714359901986,0.10000351189295129,0.01000070239092365,0.21748912286453786,5.196135925674149e-05,n=250
2,16,250,80,0.1935873133509986,ols,0.0,6.29382116684784e+18,7.76725602045442,0.09491460933556319,0.009008783065322578,0.21538003895921695,5.155839761397468e-05,n=250
2,17,250,80,0.1935873133509986,ols,0.0,6.88936846137568e+17,8.524787599195465,0.09854288318333121,0.009710699826083661,0.21763889496087752,5.396191992823986e-05,n=250
2,18,250,80,0.1935873133509986,ols,0.0,1.1893217926600545e+18,8.070999108564154,0.09772686539008767,0.009550540218972316,0.21652361200175563,5.3092123427158264e-05,n=250
2,19,250,80,0.1935873133509986,ols,0.0,3.216163450738213e+18,8.16404192868486,0.09664309123582386,0.009339887083615774,0.2168790036797122,5.287231971187693e-05,n=250
2,20,250,80,0.1935873133509986,ols,0.0,1.5102034632012905e+18,8.018814257123758,0.09586268411909121,0.009189654206516663,0.21773695712688496,5.361935899714412e-05,n=250
2,21,250,80,0.1935873133509986,ols,0.0,1.4395893884558062e+18,8.268808936774114,0.0992617440341506,0.00985289382870123,0.2170455640873313,5.3735741544775305e-05,n=250
2,22,250,80,0.1935873133509986,ols,0.0,1.7325831374819423e+18,7.597447898095091,0.0961291796474416,0.009240819179690099,0.21696624363919814,5.266191127669371e-05,n=250
2,23,250,80,0.1935873133509986,ols,0.0,9.012166832402813e+17,8.745799206991155,0.09909144446006261,0.009819114365181673,0.21698704924228607,4.8578326623052994e-05,n=250
2,24,250,80,0.1935873133509986,ols,0.0,6.790534884307058e+18,7.651154280750225,0.09500647976456002,0.009026231197253752,0.21663045826534574,5.046487114307284e-05,n=250
2,25,250,80,0.1935873133509986,ols,0.0,1.0778251325208896e+18,7.768543271851338,0.09644925225257277,0.009302458260080413,0.21742603470802604,5.3369995426983764e-05,n=250
2,26,250,80,0.1935873133509986,ols,0.0,1.461659962551837e+18,8.2510298065671,0.09792067261007872,0.009588458124410223,0.21730771925828923,5.106913219248037e-05,n=250
2,27,250,80,0.1935873133509986,ols,0.0,2.1676824296348544e+18,7.793409008808296,0.0959364031050955,0.00920379344074338,0.21474481544799698,5.5308086348801684e-05,n=250
2,28,250,80,0.1935873133509986,ols,0.0,1.4883333655879217e+18,8.204705851165619,0.09792160042524611,0.00958863982984156,0.2166499156283415,5.181662596504325e-05,n=250
2,29,250,80,0.1935873133509986,ols,0.0,1.4291327831780368e+19,7.819954702151847,0.09595586046609945,0.009207527157789549,0.21647668870772738,5.3631186077447025e-05,n=250
2,30,250,80,0.1935873133509986,ols,0.0,1.0011783547447613e+18,7.637350637918477,0.09459516503808477,0.008948245248582495,0.21465779739767382,5.223355756838428e-05,n=250
2,31,250,80,0.1935873133509986,ols,0.0,1.537234614128266e+18,7.96628409506265,0.09684736586645601,0.00937941227527119,0.21704778240954986,5.3933421369283256e-05,n=250
2,32,250,80,0.1935873133509986,ols,0.0,2.335640793852651e+18,7.836300069339636,0.09607061191947495,0.009229562474582363,0.21566559763669924,5.584364184165007e-05,n=250
2,33,250,80,0.1935873133509986,ols,0.0,1.4950350152777475e+18,8.156393590038952,0.09785431236064965,0.00957546644757559,0.21643727379694255,5.215296364467151e-05,n=250
2,34,250,80,0.1935873133509986,ols,0.0,1.3928539947095846e+18,8.572448617952393,0.09740823366591699,0.009488363985913883,0.2177214511210846,5.200207037388704e-05,n=250
2,35,250,80,0.1935873133509986,ols,0.0,1.7457927398069284e+18,7.831062390398845,0.09594499139435222,0.009205441373662323,0.2165034888057164,5.2947624486503504e-05,n=250
2,36,250,80,0.1935873133509986,ols,0.0,4.4229671116682793e+18,8.438474292814005,0.09826743724825118,0.009656489223338983,0.21682676961636058,5.2484420584365425e-05,n=250
2,37,250,80,0.1935873133509986,ols,0.0,1.9109257007433536e+18,8.024738497819351,0.09699099786835313,0.009407253667498882,0.21652428532476398,5.353885978861495e-05,n=250
2,38,250,80,0.1935873133509986,ols,0.0,1.9857921757149988e+18,8.344249117447518,0.09750297988839315,0.009506831087116401,0.21692350393254498,5.2088083588145106e-05,n=250
2,39,250,80,0.1935873133509986,ols,0.0,5.79244814724391e+17,7.922021097333491,0.09601518509105379,0.009218915768069318,0.21520045709442004,5.0985216511853456e-05,n=250
2,40,250,80,0.1935873133509986,ols,0.0,5.82921611227646e+18,8.211488011499753,0.09752216822695411,0.009510573295686338,0.2159912378820873,5.328797185203736e-05,n=250
2,41,250,80,0.1935873133509986,ols,0.0,8.799841632502815e+17,8.381315273530904,0.09755841107388447,0.009517643571261022,0.21649616160118848,5.349135697551575e-05,n=250
2,42,250,80,0.1935873133509986,ols,0.0,5.092164301045717e+17,7.904853317569214,0.09811335455708019,0.009626230342443327,0.21717982326528693,5.279474125797913e-05,n=250
2,43,250,80,0.1935873133509986,ols,0.0,7.161542767682968e+17,8.387194621527525,0.09764014912334724,0.009533598720829489,0.21745946909699174,4.9445323595844665e-05,n=250
2,44,250,80,0.1935873133509986,ols,0.0,4.2124999868372367e+18,8.413763793544236,0.09975547137486057,0.009951154069220626,0.2169633539382692,5.45913505584185e-05,n=250
2,45,250,80,0.1935873133509986,ols,0.0,9.293454719661641e+17,8.0428089204407,0.09538854731561282,0.009098974958982904,0.21558449610261124,5.145935976370233e-05,n=250
2,46,250,80,0.1935873133509986,ols,0.0,5.200483011683497e+18,7.85790623943849,0.09723882130688952,0.009455388369153191,0.21687527771073783,5.242571825976746e-05,n=250
2,47,250,80,0.1935873133509986,ols,0.0,1.132391130386448e+19,7.766174798540104,0.09617878851550962,0.009250359360311124,0.21656491041516673,5.342795091339133e-05,n=250
2,48,250,80,0.1935873133509986,ols,0.0,2.2914112658061332e+18,8.413028938178881,0.1007363983614244,0.010147821954831587,0.21724186773143844,5.1421177885643953e-05,n=250
2,49,250,80,0.1935873133509986,ols,0.0,9.321899616136891e+17,8.087025798973738,0.09678491117662927,0.009367319031468016,0.2157931685240197,5.320026537186602e-05,n=250
2,50,250,80,0.1935873133509986,ols,0.0,1.2175010235990825e+18,8.355549697315649,0.09680156072902957,0.009370542159575999,0.21521740824033428,4.897606211043443e-05,n=250
2,51,250,80,0.1935873133509986,ols,0.0,3.2760142129478707e+18,8.27417352971886,0.09779009571479895,0.00956290281990954,0.21598384753622735,5.199809060981999e-05,n=250
2,52,250,80,0.1935873133509986,ols,0.0,1.2673017336439268e+18,8.169999391865609,0.09597884433327611,0.009211938559551248,0.2158415042726553,5.059071164179548e-05,n=250
2,53,250,80,0.1935873133509986,ols,0.0,2.2724625505091023e+19,8.020859516384487,0.09517234761696668,0.009057775750924741,0.21527293496317765,5.2507808798379674e-05,n=250
2,54,250,80,0.1935873133509986,ols,0.0,1.531180495929132e+18,8.526436952929412,0.09849705310799634,0.009701669470959452,0.21734818885029258,4.9114386854053414e-05,n=250
2,55,250,80,0.1935873133509986,ols,0.0,6.671684389597339e+17,8.038763289874757,0.09747049125869921,0.009500496666212157,0.21712541668801907,5.2801070058911395e-05,n=250
2,56,250,80,0.1935873133509986,ols,0.0,9.800207929946593e+17,8.435663630649342,0.0985962606753339,0.009721222619158395,0.21694157912382586,5.372237249243989e-05,n=250
2,57,250,80,0.1935873133509986,ols,0.0,1.1247396830880788e+19,7.88556383289841,0.09747472260352145,0.009501321546633456,0.21694480571013308,5.1287426804119484e-05,n=250
2,58,250,80,0.1935873133509986,ols,0.0,2.523147907121163e+18,8.279395226063292,0.09630971482304418,0.009275561169296096,0.21552823613724245,5.1453351541049014e-05,n=250
2,59,250,80,0.1935873133509986,ols,0.0,9.024518563780719e+17,7.46081510640352,0.09346175224217153,0.008735099132177055,0.21498824189952734,5.421066946243329e-05,n=250
2,60,250,80,0.1935873133509986,ols,0.0,4.804306433464549e+18,8.135834324327673,0.09808765037736827,0.009621187156552835,0.21610751606311576,5.0612505548451107e-05,n=250
2,61,250,80,0.1935873133509986,ols,0.0,3.5617490662410716e+18,8.275119628671055,0.09807640760200784,0.00961898172811518,0.21694721961773497,5.1270811247194186e-05,n=250
2,62,250,80,0.1935873133509986,ols,0.0,2.4938381310543273e+18,7.808472805874799,0.09442214402691701,0.008915541282639858,0.21480108228788547,5.204671253165248e-05,n=250
2,63,250,80,0.1935873133509986,ols,0.0,3.117720573365931e+18,8.608630746181035,0.10012557826768614,0.010025131423438543,0.21943324146604043,5.158834116633502e-05,n=250
2,64,250,80,0.1935873133509986,ols,0.0,8.124716175520972e+17,8.093869592461285,0.09729735412334856,0.009466775119404292,0.21545267837164386,4.944801246238124e-05,n=250
2,65,250,80,0.1935873133509986,ols,0.0,3.356464835159919e+18,7.596176873553035,0.0960117180636253,0.009218250005529071,0.21477570455578016,5.349263620343617e-05,n=250
2,66,250,80,0.1935873133509986,ols,0.0,8.348867096570483e+17,8.063784343582107,0.09489050638283282,0.009004208201590437,0.21599373132345523,5.143954434703257e-05,n=250
2,67,250,80,0.1935873133509986,ols,0.0,2.1728699073861202e+18,7.804293561560798,0.09491774322685086,0.009009377979278392,0.21554617246426833,5.3090584790945684e-05,n=250
2,68,250,80,0.1935873133509986,ols,0.0,2.346309122389747e+18,8.443946148780062,0.09612086483845672,0.009239220657292865,0.21572843143259493,5.3311428106814455e-05,n=250
2,69,250,80,0.1935873133509986,ols,0.0,3.0617392715028526e+18,7.5850490514881646,0.09515473284103558,0.009054423182048854,0.21374787062029135,5.00862890720182e-05,n=250
2,70,250,80,0.1935873133509986,ols,0.0,3.52703979929579e+18,7.695253541266758,0.09559582290707683,0.009138561357281194,0.2157238762284618,5.4151081666818114e-05,n=250
2,71,250,80,0.1935873133509986,ols,0.0,6.398942141236742e+18,8.41338376409152,0.098043155958812,0.009612460430363932,0.21583757624318978,5.349270500394153e-05,n=250
2,72,250,80,0.1935873133509986,ols,0.0,1.3204944466321334e+18,9.151194474556217,0.10073897187370989,0.010148340454172114,0.2186208283729159,5.399882791026471e-05,n=250
2,73,250,80,0.1935873133509986,ols,0.0,2.0904325815303588e+18,8.30586694364833,0.09936599339090453,0.009873600642561283,0.2184139708172224,5.465051142303002e-05,n=250
2,74,250,80,0.1935873133509986,ols,0.0,8.867106681298829e+18,8.062930075644875,0.09517412702013212,0.009058114454044242,0.21404590729067774,5.175950525175766e-05,n=250
2,75,250,80,0.1935873133509986,ols,0.0,1.1091746980240751e+18,7.614009300261327,0.09343872020762424,0.008730794434038685,0.21457887010011414,5.0876464030958195e-05,n=250
2,76,250,80,0.1935873133509986,ols,0.0,1.0528852096422932e+19,8.11214075239946,0.09751076606645798,0.009508349498867492,0.21751209883993916,5.1951960675588685e-05,n=250
2,77,250,80,0.1935873133509986,ols,0.0,1.8835080556740833e+18,7.456948894685579,0.09673714881303809,0.009358075960475876,0.21491171007176285,5.5055172823943484e-05,n=250
2,78,250,80,0.1935873133509986,ols,0.0,1.1353945053573661e+21,7.948322251959902,0.09608316896795832,0.009231975358925228,0.21725405119814134,5.550981905006358e-05,n=250
2,79,250,80,0.1935873133509986,ols,0.0,1.904473585774616e+18,8.568612382726815,0.09936677207907298,0.009873755393414436,0.21787736159764248,5.424217373600362e-05,n=250
2,80,250,80,0.1935873133509986,ols,0.0,2.281928224481208e+18,7.655367466051976,0.09586784694929268,0.009190644078693007,0.21574110030749355,5.2475070898156725e-05,n=250
2,81,250,80,0.1935873133509986,ols,0.0,1.4098570980887514e+18,8.553718069819032,0.09902620080133838,0.009806188445146989,0.21893835633361247,5.492769111145322e-05,n=250
2,82,250,80,0.1935873133509986,ols,0.0,1.0729535149698753e+18,8.051927212467142,0.09744887632137926,0.009496283496299471,0.21623816418491396,5.1117030413526995e-05,n=250
2,83,250,80,0.1935873133509986,ols,0.0,1.7152588205010378e+18,9.057228932335656,0.10122763010524409,0.010247033096724121,0.21863832195375468,5.104276036794919e-05,n=250
2,84,250,80,0.1935873133509986,ols,0.0,1.362286436291576e+18,7.956868070926232,0.09734246424423097,0.009475555345139386,0.21797411347714413,5.325853600992589e-05,n=250
2,85,250,80,0.1935873133509986,ols,0.0,1.2514407494229742e+18,7.6502163005936445,0.09307274096398259,0.008662535110548604,0.21351757098324353,5.16859240716831e-05,n=250
2,86,250,80,0.1935873133509986,ols,0.0,1.3059203081260849e+18,8.162304511467863,0.0961356143570289,0.009242056347803382,0.2178356881955317,5.2627297463797195e-05,n=250
2,87,250,80,0.1935873133509986,ols,0.0,1.4676100325252305e+19,8.099996329826412,0.09697400928860175,0.009403958477505818,0.215373952083946,5.2707684841343596e-05,n=250
2,88,250,80,0.1935873133509986,ols,0.0,1.8365883340005059e+18,8.118087115690571,0.09659825313628764,0.009331222508982304,0.21724613257512684,4.934171391649484e-05,n=250
2,89,250,80,0.1935873133509986,ols,0.0,2.5726510905496166e+18,8.245103081077135,0.09883129447814697,0.009767624768226204,0.21885969313806358,5.1297322413183574e-05,n=250
2,90,250,80,0.1935873133509986,ols,0.0,1.4276619040624726e+19,8.162061460160798,0.09762766468958171,0.0095311609127414,0.21607419520343307,5.1743815315376155e-05,n=250
2,91,250,80,0.1935873133509986,ols,0.0,7.759337156001229e+17,7.989694736025837,0.09685518326384276,0.009380926525072567,0.21658961400029028,5.305783560590703e-05,n=250
2,92,250,80,0.1935873133509986,ols,0.0,1.4559749841411346e+18,8.272731223079832,0.09730298651165546,0.009467871184087406,0.21685702734742776,5.505819411184688e-05,n=250
2,93,250,80,0.1935873133509986,ols,0.0,9.584036873165928e+18,7.85992317054287,0.09664030781725232,0.009339349095013279,0.21714689850821534,5.137375030336187e-05,n=250
2,94,250,80,0.1935873133509986,ols,0.0,1.6539264227511946e+18,7.681559609297249,0.09477653521509401,0.008982591627377953,0.21715360514706694,5.1622956957317155e-05,n=250
2,95,250,80,0.1935873133509986,ols,0.0,1.0379910293248328e+18,8.210614938306477,0.09709702832542623,0.009427832909628623,0.21613472134954048,5.362516092939716e-05,n=250
2,96,250,80,0.1935873133509986,ols,0.0,2.2973509238456365e+19,8.04658550587108,0.0970685458176632,0.00942230258715578,0.21559874203646756,4.94643331581744e-05,n=250
2,97,250,80,0.1935873133509986,ols,0.0,9.894061913480046e+17,8.056830755697668,0.09544777247246004,0.009110277269954501,0.21584012935282434,5.4097064203527064e-05,n=250
2,98,250,80,0.1935873133509986,ols,0.0,4.2436093661916247e+18,7.8782160400477,0.09465848457353761,0.008960228701758657,0.21553083602329284,5.209648856927042e-05,n=250
2,99,250,80,0.1935873133509986,ols,0.0,2.4295577081695324e+18,8.029631544009227,0.09541537618481644,0.009104094012490035,0.2153124254853626,5.403420154577157e-05,n=250
2,0,500,80,0.1935873133509986,ols,0.0,3.8742300337546977e+18,3.6385041147661683,0.06529510025109576,0.004263450116800647,0.204694195806632,5.315624670725704e-05,n=500
2,1,500,80,0.1935873133509986,ols,0.0,1.7954827738298002e+18,3.7828615433816486,0.0659640576139991,0.0043512568969029915,0.20374775779007717,5.418893470374789e-05,n=500
2,2,500,80,0.1935873133509986,ols,0.0,1.0386294766468401e+19,3.7956464306242084,0.06532799047965208,0.004267746340109513,0.20566856830839217,5.1594048541156305e-05,n=500
2,3,500,80,0.1935873133509986,ols,0.0,1.3402479551702807e+18,3.5127337277626203,0.0634600519692491,0.0040271781959397976,0.20404617905816397,5.304639651405954e-05,n=500
2,4,500,80,0.1935873133509986,ols,0.0,1.5401368165577871e+18,3.4818621723111445,0.06415976423036293,0.0041164753460957585,0.2047773637996031,5.097497687196961e-05,n=500
2,5,500,80,0.1935873133509986,ols,0.0,2.168984582935554e+18,3.4561823644642855,0.06431527359898893,0.0041364544181128025,0.20288576910803044,5.247371245317206e-05,n=500
2,6,500,80,0.1935873133509986,ols,0.0,1.587025860249292e+18,3.5034557654127547,0.06483837883951235,0.004204015370536124,0.2042157512692302,5.184218947734955e-05,n=500
2,7,500,80,0.1935873133509986,ols,0.0,3.289110979833961e+18,3.536380226232605,0.06415970330917045,0.0041164675287207785,0.2035358814990463,5.3976044100846286e-05,n=500
2,8,500,80,0.1935873133509986,ols,0.0,4.173424616604522e+18,3.5807598515310235,0.06447636629852532,0.004157201811061612,0.20487309703198578,5.191875114004661e-05,n=500
2,9,500,80,0.1935873133509986,ols,0.0,5.386394988553607e+18,3.6175262318676813,0.0649057760373031,0.00421275976300455,0.2038842305882944,5.221054399681387e-05,n=500
2,10,500,80,0.1935873133509986,ols,0.0,1.8498724680813192e+18,3.4070280574616962,0.06306506270953727,0.003977202134557868,0.20219365135621503,5.165256707648376e-05,n=500
2,11,500,80,0.1935873133509986,ols,0.0,5.092726269771478e+18,3.601464622402674,0.06401504137052548,0.004097925521670088,0.20468325789633504,5.511716987697023e-05,n=500
2,12,500,80,0.1935873133509986,ols,0.0,3.8404936114061455e+18,3.7408778386707606,0.06501867426807983,0.004227428003578667,0.20354584424888636,5.0802735259793716e-05,n=500
2,13,500,80,0.1935873133509986,ols,0.0,1.7011476722203136e+18,3.579537823282507,0.06471569699658643,0.004188121437753985,0.20465057871036532,5.131604727315657e-05,n=500
2,14,500,80,0.1935873133509986,ols,0.0,2.3630837752645964e+19,3.5097651346010137,0.06498258749407837,0.00422273667742555,0.20376481532954335,5.2684528895942625e-05,n=500
2,15,500,80,0.1935873133509986,ols,0.0,2.0729087035805176e+18,3.4594200586901893,0.06422654411048884,0.004125048968376568,0.20377015396883058,5.205193951107634e-05,n=500
2,16,500,80,0.1935873133509986,ols,0.0,3.452369335228725e+18,3.613366985006776,0.06378577548354343,0.00406862515403701,0.20519769193542173,5.327696210440202e-05,n=500
2,17,500,80,0.1935873133509986,ols,0.0,1.2873202604017193e+18,3.7533883832262522,0.06703525139707045,0.004493724929868435,0.20454437091537134,5.360257097708844e-05,n=500
2,18,500,80,0.1935873133509986,ols,0.0,1.3763781663906563e+18,3.499924618819973,0.06394699223246815,0.004089217815579342,0.20371759478246457,5.142005365013689e-05,n=500
2,19,500,80,0.1935873133509986,ols,0.0,2.7693369510035284e+19,3.4049390700299416,0.06333224448078176,0.0040109731909735115,0.20435224146340655,5.199421821328942e-05,n=500
2,20,500,80,0.1935873133509986,ols,0.0,3.5946736448667003e+18,3.7413082526642314,0.0649184132892906,0.0042144003839991425,0.20453389671192243,5.155067938648497e-05,n=500
2,21,500,80,0.1935873133509986,ols,0.0,3.9612766324091515e+18,3.6509103001559815,0.06557336008161348,0.00429986555239294,0.20368335093351056,4.962825540230766e-05,n=500
2,22,500,80,0.1935873133509986,ols,0.0,4.1947682153044536e+18,3.563365892063963,0.06416830675136168,0.004117571591336848,0.20454360075092082,5.3272911599710466e-05,n=500
2,23,500,80,0.1935873133509986,ols,0.0,9.167019650129624e+18,3.6791654025752187,0.06598201487578,0.004353626287067652,0.2037805026884747,4.966557423282378e-05,n=500
2,24,500,80,0.1935873133509986,ols,0.0,2.6223790376233897e+18,3.6310874269776705,0.0651183585512313,0.004240400620406719,0.2045771632802659,5.268324205444819e-05,n=500
2,25,500,80,0.1935873133509986,ols,0.0,3.737570738543718e+18,3.7518884883342114,0.06681255811996621,0.004463917922533862,0.20367903534275106,5.434845567750949e-05,n=500
2,26,500,80,0.1935873133509986,ols,0.0,3.4936556487736765e+18,3.529051027860309,0.06428893748342146,0.0041330674827472725,0.2043858955306001,5.256699567002628e-05,n=500
2,27,500,80,0.1935873133509986,ols,0.0,1.5641589326784783e+18,3.811674757079471,0.0644917033245213,0.0041591797976980715,0.20401055082687106,5.14049019462468e-05,n=500
2,28,500,80,0.1935873133509986,ols,0.0,2.197966700710188e+19,3.7175642084114355,0.06444455219096741,0.004153100307094322,0.2034969759350406,5.2617532522421844e-05,n=500
2,29,500,80,0.1935873133509986,ols,0.0,1.3065657387770207e+18,3.525771276099206,0.06442261862913205,0.0041502737910345915,0.20490511183508497,5.241598383673422e-05,n=500
2,30,500,80,0.1935873133509986,ols,0.0,3.519408368211881e+18,3.511216754727639,0.0631277579019872,0.0039851138177319076,0.20360690622253866,5.5252224764438593e-05,n=500
2,31,500,80,0.1935873133509986,ols,0.0,1.0425093734500699e+18,3.5470172239356543,0.0652951226681879,0.004263453044253705,0.20284832282545168,5.2734849592817756e-05,n=500
2,32,500,80,0.1935873133509986,ols,0.0,4.9121339241412794e+17,3.3979029991813428,0.062232289575234113,0.003872857865775792,0.2037276218060765,5.29834946968845e-05,n=500
2,33,500,80,0.1935873133509986,ols,0.0,8.781640370272144e+18,3.3804597124321574,0.06375128084826684,0.0040642258097945945,0.20342295575242067,5.362261871799088e-05,n=500
2,34,500,80,0.1935873133509986,ols,0.0,2.4362867874152684e+18,3.6455832150079988,0.06408783895595885,0.004107251102044916,0.20380467339571467,5.749184405336603e-05,n=500
2,35,500,80,0.1935873133509986,ols,0.0,2.109032577281735e+18,3.341266825427839,0.0626647545762742,0.003926871466104678,0.2046152696553961,5.3085035743262975e-05,n=500
2,36,500,80,0.1935873133509986,ols,0.0,5.223602605714114e+18,3.5762842463035986,0.06437428624874884,0.004144048730035855,0.20345626565188824,5.155285209162795e-05,n=500
2,37,500,80,0.1935873133509986,ols,0.0,4.1656735197081687e+18,3.4990612938903056,0.06396441068528771,0.00409144583431615,0.20391996902134227,5.1728818665612166e-05,n=500
2,38,500,80,0.1935873133509986,ols,0.0,6.727239803011344e+18,3.59638152134687,0.06524770561233417,0.004257263087673825,0.20395633899931842,4.868969091197467e-05,n=500
2,39,500,80,0.1935873133509986,ols,0.0,2.530633070441752e+18,3.54782233947386,0.06440408573340095,0.00414788625915526,0.20522750152034466,5.4375830391011866e-05,n=500
2,40,500,80,0.1935873133509986,ols,0.0,2.1376447955081953e+18,3.8480136839575114,0.06503437579533568,0.004229470035088944,0.20378253722388037,5.2752488500563784e-05,n=500
2,41,500,80,0.1935873133509986,ols,0.0,2.042728152643141e+18,3.4377857980328086,0.06390588771750304,0.004083962484962105,0.2034625339635287,5.234314158966131e-05,n=500
2,42,500,80,0.1935873133509986,ols,0.0,1.1247827768786511e+20,3.3153093587949103,0.06370791106361215,0.004058697932089116,0.204116449196618,5.3705859582491166e-05,n=500
2,43,500,80,0.1935873133509986,ols,0.0,4.5371147873867295e+18,3.5818820773854703,0.06339398799252735,0.004018797713596702,0.2025126987240529,5.44443369546825e-05,n=500
2,44,500,80,0.1935873133509986,ols,0.0,2.4513890999381697e+19,3.831581928105612,0.06497185216890705,0.004221341574258313,0.20384446823537772,5.27853624680882e-05,n=500
2,45,500,80,0.1935873133509986,ols,0.0,5.846786098558544e+18,3.5746969888434488,0.06444044911082719,0.004152571481605108,0.2050253957190466,5.21376818928042e-05,n=500
2,46,500,80,0.1935873133509986,ols,0.0,2.671434839266462e+18,3.521639642429628,0.06399633261476273,0.0040955305881393445,0.20317643736709273,5.348975436654884e-05,n=500
2,47,500,80,0.1935873133509986,ols,0.0,3.6079412456817544e+20,3.5269449407038427,0.06479028690319348,0.004197781276998125,0.20533743552758835,5.358978932162568e-05,n=500
2,48,500,80,0.1935873133509986,ols,0.0,2.39095357821577e+18,3.52758856536409,0.06493766951147557,0.0042169009215816235,0.20397361042495424,5.494869030768908e-05,n=500
2,49,500,80,0.1935873133509986,ols,0.0,1.5242689401161981e+18,3.557589976637124,0.0645965080163277,0.004172708847903489,0.20366839701054715,4.978059891142403e-05,n=500
2,50,500,80,0.1935873133509986,ols,0.0,2.736267958127702e+18,3.530639309153517,0.06365681224455998,0.004052189745139162,0.20223874162127917,5.262365627424706e-05,n=500
2,51,500,80,0.1935873133509986,ols,0.0,3.7178909734344934e+18,3.535620522609205,0.06403691899225555,0.004100726994020701,0.20502602861219382,5.1831542137492544e-05,n=500
2,52,500,80,0.1935873133509986,ols,0.0,1.158314594377755e+19,3.602890901805212,0.0648512892636205,0.004205689719153781,0.20523451601719425,5.3401820405181594e-05,n=500
2,53,500,80,0.1935873133509986,ols,0.0,1.5518113935605725e+19,3.5398662580177613,0.0634731676057524,0.004028843005907937,0.20207845606791125,5.017466201371806e-05,n=500
2,54,500,80,0.1935873133509986,ols,0.0,4.727705165705736e+18,3.634947364807423,0.0656166952672229,0.004305550697791593,0.20210131379172264,5.289345082107181e-05,n=500
2,55,500,80,0.1935873133509986,ols,0.0,6.080112659973695e+18,3.521063299403672,0.06403824475278881,0.004100896791018084,0.20389713585184088,5.477250303232063e-05,n=500
2,56,500,80,0.1935873133509986,ols,0.0,1.4184453828100726e+18,3.4866908782461508,0.06408492743289132,0.004106877924078947,0.20485557269307797,5.213534162071243e-05,n=500
2,57,500,80,0.1935873133509986,ols,0.0,2.425292490762565e+18,3.6037080657751015,0.06406825399189787,0.004104741169570337,0.20425742596355886,5.35785195089046e-05,n=500
2,58,500,80,0.1935873133509986,ols,0.0,2.2717066825864932e+18,3.6764308734170186,0.06492438947528453,0.004215176348738438,0.20360742698014384,5.399832154212017e-05,n=500
2,59,500,80,0.1935873133509986,ols,0.0,3.1190626880491325e+18,3.5609956875722326,0.06493612366413064,0.004216700156523267,0.2053561636828528,5.089269201381711e-05,n=500
2,60,500,80,0.1935873133509986,ols,0.0,2.6444366761010417e+18,3.6546576510775823,0.06526981882066732,0.004260149248882739,0.20342170485345204,5.4547258708863446e-05,n=500
2,61,500,80,0.1935873133509986,ols,0.0,2.0184460234264018e+18,3.603378463932497,0.0653280854795767,0.00426775875242688,0.2055415407869634,5.0897457147923e-05,n=500
2,62,500,80,0.1935873133509986,ols,0.0,3.5190779841333477e+19,3.4093755910741437,0.062481383929055494,0.003903923337690034,0.20360651562181817,5.243634807670437e-05,n=500
2,63,500,80,0.1935873133509986,ols,0.0,3.0245189134995425e+18,3.62270206983669,0.06555852432576702,0.0042979201117721855,0.20386627100695967,5.136173723118643e-05,n=500
2,64,500,80,0.1935873133509986,ols,0.0,1.2262446066036928e+18,3.49140545454191,0.06372556914678786,0.004060948163082041,0.2026080327638618,5.2643671721311946e-05,n=500
2,65,500,80,0.1935873133509986,ols,0.0,2.5440371187651487e+18,3.448878274695362,0.06327853191773504,0.004004172601663812,0.20441053592649372,5.315372223122362e-05,n=500
2,66,500,80,0.1935873133509986,ols,0.0,2.581293139935188e+18,3.339158099481139,0.06360725160534661,0.0040458824567858685,0.20290243961286827,5.4800075724206464e-05,n=500
2,67,500,80,0.1935873133509986,ols,0.0,5.320358373277566e+18,3.6726391865514416,0.06527637100754383,0.0042610046119145074,0.204278528281499,5.2306716573198196e-05,n=500
2,68,500,80,0.1935873133509986,ols,0.0,2.372548569781828e+18,3.720113248802335,0.06524549497370104,0.004256974614363247,0.20439218336962683,5.181261914490108e-05,n=500
2,69,500,80,0.1935873133509986,ols,0.0,1.1094614419942162e+19,3.6690205969349505,0.06416497957270118,0.0041171446035651585,0.20423246692849567,5.124645296788781e-05,n=500
2,70,500,80,0.1935873133509986,ols,0.0,3.076045570234903e+18,3.670207063121809,0.06580356396876486,0.004330109030991329,0.20424119244086011,5.597637756253881e-05,n=500
2,71,500,80,0.1935873133509986,ols,0.0,1.7692358412944463e+18,3.7669568783120657,0.0650122422517433,0.0042265916425993574,0.2041959368397009,5.152363245502086e-05,n=500
2,72,500,80,0.1935873133509986,ols,0.0,3.543430761494777e+18,3.7956995063458203,0.06657263555201284,0.004431915804341125,0.2051385655167416,5.1072203997703334e-05,n=500
2,73,500,80,0.1935873133509986,ols,0.0,1.0398490034214103e+19,3.656253479213545,0.06532898594577793,0.004267876404703651,0.20465460360812043,5.326072361420653e-05,n=500
2,74,500,80,0.1935873133509986,ols,0.0,8.274570441837428e+18,3.4883148838355917,0.06420552266063244,0.004122349140124985,0.20452524581687614,5.125506702662034e-05,n=500
2,75,500,80,0.1935873133509986,ols,0.0,1.4786612574746442e+19,3.594067675151299,0.06567039112117608,0.004312600270008241,0.20424703601665722,5.4241817823206716e-05,n=500
2,76,500,80,0.1935873133509986,ols,0.0,2.7371904442415027e+18,3.861169413543536,0.06747640345081818,0.004553065022657588,0.20434585352037446,5.1724992802162924e-05,n=500
2,77,500,80,0.1935873133509986,ols,0.0,2.200206405005926e+18,3.4185723045619705,0.06297237407668713,0.003965519896854217,0.2026459302472632,5.235685267465023e-05,n=500
2,78,500,80,0.1935873133509986,ols,0.0,9.797402383622894e+17,3.4880578382479337,0.06471916928283408,0.004188570872660135,0.20396723857011093,5.4501687182150246e-05,n=500
2,79,500,80,0.1935873133509986,ols,0.0,1.387722798487202e+19,3.7905374827905725,0.06622384070901023,0.00438559707825236,0.20436303262877883,5.176031423145753e-05,n=500
2,80,500,80,0.1935873133509986,ols,0.0,2.6333680808091144e+19,3.5197595051344996,0.06376748744161904,0.004066292454617042,0.20422962662261132,4.856186888902465e-05,n=500
2,81,500,80,0.1935873133509986,ols,0.0,1.3195263692167854e+18,3.450429227584714,0.06434162823007,0.004139845123296541,0.20428480935871624,5.293092792901757e-05,n=500
2,82,500,80,0.1935873133509986,ols,0.0,1.6701123315387922e+18,3.7497787446314557,0.06623719986252861,0.00438736664562856,0.20428639638614113,5.027994704409585e-05,n=500
2,83,500,80,0.1935873133509986,ols,0.0,1.789378215383382e+18,3.441363946766808,0.06345396368414756,0.0040264055072291175,0.20446998062235486,5.7419868824899415e-05,n=500
2,84,500,80,0.1935873133509986,ols,0.0,1.3026466039770053e+18,3.6333284589976333,0.06542002852291327,0.004279780131938787,0.2043876566346128,5.1384412931992034e-05,n=500
2,85,500,80,0.1935873133509986,ols,0.0,6.125249650565293e+18,3.5613864313238413,0.06491185865298735,0.0042135493937854075,0.2030236816050167,5.444812744131001e-05,n=500
2,86,500,80,0.1935873133509986,ols,0.0,1.7631937533039916e+18,3.641505547107653,0.06507686533619061,0.004234998401984688,0.20410833549445495,5.4076601146247285e-05,n=500
2,87,500,80,0.1935873133509986,ols,0.0,3.180968834186933e+18,3.573551733177283,0.06380023159983045,0.004070469552192003,0.20319224584793844,4.987104352388734e-05,n=500
2,88,500,80,0.1935873133509986,ols,0.0,2.4391464261252555e+19,3.42466840991415,0.06440676307009266,0.004148231129167052,0.20358654351359456,5.189011486520726e-05,n=500
2,89,500,80,0.1935873133509986,ols,0.0,4.126147696827447e+18,3.4927833349051856,0.06494128492096894,0.004217370487186467,0.20463963135706684,5.314898193408909e-05,n=500
2,90,500,80,0.1935873133509986,ols,0.0,5.280309955195551e+18,3.5754872416799692,0.06575609343022272,0.004323863823204179,0.20493646937316345,5.189813402089185e-05,n=500
2,91,500,80,0.1935873133509986,ols,0.0,1.3243197895718902e+19,3.4837569910333572,0.0635254978785111,0.004035488880712718,0.20450746590002045,5.239962356353681e-05,n=500
2,92,500,80,0.1935873133509986,ols,0.0,2.264478722807025e+18,3.5876697546345313,0.06457995451675073,0.004170570525385593,0.20371834104389766,5.2872876240537625e-05,n=500
2,93,500,80,0.1935873133509986,ols,0.0,4.35888503425359e+18,3.6729078896319014,0.0654594230947941,0.004284936071903263,0.20483977820127441,5.292195149195413e-05,n=500
2,94,500,80,0.1935873133509986,ols,0.0,2.4217347388968023e+18,3.4449650984367297,0.06467634401027583,0.004183029474535543,0.2033555304081167,5.331105258558037e-05,n=500
2,95,500,80,0.1935873133509986,ols,0.0,1.3088850420706537e+19,3.4539177405410992,0.06253034462296575,0.003910043998666862,0.2048241949007413,5.0347032778999314e-05,n=500
2,96,500,80,0.1935873133509986,ols,0.0,1.2333797419966968e+18,3.6474276717159926,0.0640445012842686,0.004101698144750682,0.20345073412193349,5.036149697526745e-05,n=500
2,97,500,80,0.1935873133509986,ols,0.0,1.9673225520047037e+18,3.690967532973109,0.065615253210273,0.004305361453848242,0.20454405763397077,5.317745038325003e-05,n=500
2,98,500,80,0.1935873133509986,ols,0.0,2.2654151152584476e+18,3.3161703456152907,0.06324556525710566,0.004000001524690811,0.20219303755951604,5.39888930553797e-05,n=500
2,99,500,80,0.1935873133509986,ols,0.0,1.935730321848196e+18,3.6086535100411736,0.06484171481782613,0.004204447980516293,0.2052085964659385,5.0905121379838724e-05,n=500
2,0,1000,80,0.1935873133509986,ols,0.0,9.841433312352598e+18,1.64627839491112,0.044502046736122215,0.001980432163704006,0.19725318063362524,5.487084542586546e-05,n=1000
2,1,1000,80,0.1935873133509986,ols,0.0,4.1121271946948454e+18,1.6735310556722844,0.04354593087227712,0.001896248095533138,0.19946866954523954,5.372423254095874e-05,n=1000
2,2,1000,80,0.1935873133509986,ols,0.0,2.0974464863594808e+18,1.6439695774097607,0.044121729519053535,0.0019467270157525203,0.199315601519569,5.5854183178651424e-05,n=1000
2,3,1000,80,0.1935873133509986,ols,0.0,1.2013773950270753e+18,1.6633663129279739,0.043686554174187466,0.001908515015614216,0.19920742525270366,5.140785374592534e-05,n=1000
2,4,1000,80,0.1935873133509986,ols,0.0,1.0654366009769641e+18,1.7755131346500497,0.044217858013344574,0.001955218967288301,0.19844714029076738,5.4602689174148823e-05,n=1000
2,5,1000,80,0.1935873133509986,ols,0.0,1.593539515702948e+18,1.5927123989789613,0.04334218600956264,0.0018785450880875274,0.197317404909057,5.2434706643573815e-05,n=1000
2,6,1000,80,0.1935873133509986,ols,0.0,5.479713657967965e+19,1.6301507970939648,0.04432823466624953,0.0019649923886260866,0.19956986577714808,5.18266254942394e-05,n=1000
2,7,1000,80,0.1935873133509986,ols,0.0,4.958179307345185e+18,1.6752302631350495,0.04410990997963796,0.0019456841584117644,0.19887612009013433,5.087061373010574e-05,n=1000
2,8,1000,80,0.1935873133509986,ols,0.0,1.1654934241105393e+18,1.6670144029155836,0.044552584769956396,0.001984932809684151,0.19915095497294513,5.2593242591992084e-05,n=1000
2,9,1000,80,0.1935873133509986,ols,0.0,8.60619621481535e+17,1.6344514405020474,0.043894290288385915,0.0019267087199210898,0.19904948134897849,5.289855701246571e-05,n=1000
2,10,1000,80,0.1935873133509986,ols,0.0,2.973003882304589e+18,1.6181355669101347,0.04321700320914446,0.001867709366379203,0.19765936945028215,5.31517188458389e-05,n=1000
2,11,1000,80,0.1935873133509986,ols,0.0,3.409974214393136e+18,1.6868616042417057,0.04338644592466073,0.0018823836899735096,0.1978522772399782,5.312093923019828e-05,n=1000
2,12,1000,80,0.1935873133509986,ols,0.0,4.470919251604902e+18,1.7322831223654596,0.045122568511023836,0.0020360461890320397,0.19777699497510176,5.506206076526207e-05,n=1000
2,13,1000,80,0.1935873133509986,ols,0.0,2.7364961490811965e+20,1.616835700219653,0.04317430585174154,0.0018640206857797241,0.1970557128255125,5.2718183897948667e-05,n=1000
2,14,1000,80,0.1935873133509986,ols,0.0,1.720542074809913e+18,1.6942682012539843,0.04410657727187475,0.0019453901586398584,0.19906085325541056,5.112096386227696e-05,n=1000
2,15,1000,80,0.1935873133509986,ols,0.0,1.9956844474483535e+18,1.6978604276919773,0.04388922355979136,0.0019262639446813445,0.19893703378810335,5.416531080028628e-05,n=1000
2,16,1000,80,0.1935873133509986,ols,0.0,1.457268108640872e+18,1.6993548854753187,0.04499327038911229,0.0020243943803077693,0.1987203746235375,5.388590403263907e-05,n=1000
2,17,1000,80,0.1935873133509986,ols,0.0,6.419372806947224e+18,1.7730062299079947,0.045199805347133644,0.002043022403418771,0.1994434388407219,5.016047346392785e-05,n=1000
2,18,1000,80,0.1935873133509986,ols,0.0,9.481837048911254e+18,1.6540721455525147,0.04376844335107813,0.0019156766333765355,0.19871105756160953,5.6263695495883067e-05,n=1000
2,19,1000,80,0.1935873133509986,ols,0.0,2.575868009894067e+18,1.7719028593062567,0.044443926221607165,0.001975262577991661,0.197919182165032,5.3312899694629677e-05,n=1000
2,20,1000,80,0.1935873133509986,ols,0.0,1.491559065817135e+18,1.7826978530597728,0.045219764065666856,0.0020448270621545753,0.1994586050757681,5.43847524674334e-05,n=1000
2,21,1000,80,0.1935873133509986,ols,0.0,1.50403417996552e+18,1.6367346330081387,0.0444093540613727,0.0019721907281483597,0.19950439264123807,5.471616455216793e-05,n=1000
2,22,1000,80,0.1935873133509986,ols,0.0,1.513958743316893e+19,1.718064629261416,0.04509679592219855,0.0020337210024484235,0.19984793872723128,5.197207585294937e-05,n=1000
2,23,1000,80,0.1935873133509986,ols,0.0,3.834506789426098e+18,1.6610742275477515,0.043898849107206914,0.0019271089529373214,0.1985511230673154,5.451937902583019e-05,n=1000
2,24,1000,80,0.1935873133509986,ols,0.0,1.221950083546806e+18,1.5966900730761409,0.04379503317462031,0.0019180049307660936,0.19857398385066652,4.914134898547457e-05,n=1000
2,25,1000,80,0.1935873133509986,ols,0.0,2.411927104454309e+18,1.739951963669313,0.04569882991719814,0.0020883830558010037,0.1998230413237841,5.5145422367969567e-05,n=1000
2,26,1000,80,0.1935873133509986,ols,0.0,7.391568809003946e+18,1.6504510524851626,0.04437143406139773,0.0019688241606649662,0.1990928037692055,5.109364356548273e-05,n=1000
2,27,1000,80,0.1935873133509986,ols,0.0,1.1279491068626608e+19,1.6519886911673591,0.04386216390630758,0.0019238894225437916,0.19877490417088392,5.233622994075726e-05,n=1000
2,28,1000,80,0.1935873133509986,ols,0.0,2.02616186390729e+18,1.615389752543452,0.04396440795753533,0.001932869167056596,0.1997468480707497,5.3521734618188334e-05,n=1000
2,29,1000,80,0.1935873133509986,ols,0.0,5.374560805918488e+19,1.6979744234842786,0.04462166351275339,0.001991092854645387,0.200414973874911,5.305013245969543e-05,n=1000
2,30,1000,80,0.1935873133509986,ols,0.0,1.3185299530974085e+18,1.6634218251926756,0.04391640964030932,0.0019286510356954537,0.19836489169549965,5.404139482236636e-05,n=1000
2,31,1000,80,0.1935873133509986,ols,0.0,5.505783871749827e+18,1.6982422064171647,0.04439754370932738,0.001971141887421635,0.19928179676367733,5.124699659725935e-05,n=1000
2,32,1000,80,0.1935873133509986,ols,0.0,1.8953513858609682e+18,1.6619375492214727,0.044634524045572777,0.0019922407367748145,0.19875680644594831,5.3487855969417814e-05,n=1000
2,33,1000,80,0.1935873133509986,ols,0.0,8.242161573614438e+18,1.682181389993262,0.04513076052150662,0.0020367855452495805,0.19928020450694314,5.3791918870617345e-05,n=1000
2,34,1000,80,0.1935873133509986,ols,0.0,2.509348748918896e+18,1.6482559146161122,0.04341823753876748,0.0018851433509728377,0.19836704890423648,5.009289691227539e-05,n=1000
2,35,1000,80,0.1935873133509986,ols,0.0,2.135560090031146e+18,1.628268074880286,0.04413975673607023,0.0019483181247194573,0.1987174076462965,5.193417415599671e-05,n=1000
2,36,1000,80,0.1935873133509986,ols,0.0,2.163214923640537e+19,1.7294453689045701,0.04458526889843177,0.0019878462027454673,0.19963629187971185,5.418947225348387e-05,n=1000
2,37,1000,80,0.1935873133509986,ols,0.0,2.0495215256002117e+18,1.6291943630778247,0.04460334259072215,0.0019894581702653283,0.19875691184436348,5.338014708339117e-05,n=1000
2,38,1000,80,0.1935873133509986,ols,0.0,1.2655083979713247e+18,1.8101251756361143,0.04496700961349733,0.0020220319535803615,0.19716489422173217,5.254721273019041e-05,n=1000
2,39,1000,80,0.1935873133509986,ols,0.0,2.5004274282537394e+19,1.7366567956161074,0.04430054755866457,0.001962538513997501,0.19734367777800227,4.918294129852922e-05,n=1000
2,40,1000,80,0.1935873133509986,ols,0.0,1.8306859807673405e+18,1.697964348721635,0.043268195898858094,0.0018721367763419607,0.19845556079429286,4.922518791722452e-05,n=1000
2,41,1000,80,0.1935873133509986,ols,0.0,1.3470500706947013e+18,1.63856064920978,0.043750140762006985,0.001914074816695425,0.19892224907187567,5.043691480954935e-05,n=1000
2,42,1000,80,0.1935873133509986,ols,0.0,1.977635513692733e+18,1.63009203718209,0.04400110237331086,0.0019360970100665825,0.19806277542547088,5.250052612064362e-05,n=1000
2,43,1000,80,0.1935873133509986,ols,0.0,1.501398382201538e+18,1.6300455181970424,0.04359544033228864,0.001900562417766139,0.19749076871259832,5.492308466911204e-05,n=1000
2,44,1000,80,0.1935873133509986,ols,0.0,2.991389555595881e+18,1.714410998816014,0.044768759314977105,0.0020042418106023495,0.19897338249489668,5.393109341933782e-05,n=1000
2,45,1000,80,0.1935873133509986,ols,0.0,2.5461196272024463e+18,1.716972317319113,0.044307481266230735,0.0019631528961573876,0.19754706748312112,5.29225578238429e-05,n=1000
2,46,1000,80,0.1935873133509986,ols,0.0,8.91865487734946e+17,1.6442748914546974,0.04448784520047205,0.0019791683705811637,0.19909187539527104,5.516464475051745e-05,n=1000
2,47,1000,80,0.1935873133509986,ols,0.0,4.964318836323351e+18,1.7355837654971458,0.04484242414514586,0.0020108430032131606,0.1989564673356299,5.186823928175787e-05,n=1000
2,48,1000,80,0.1935873133509986,ols,0.0,1.0544453191466406e+18,1.6433917956103692,0.043548122262465766,0.0018964389525866665,0.19819185427434016,5.14718694505572e-05,n=1000
2,49,1000,80,0.1935873133509986,ols,0.0,3.977551963507353e+18,1.6289489423348662,0.04404594442535137,0.0019400452203211412,0.19759227672027233,5.275263277965333e-05,n=1000
2,50,1000,80,0.1935873133509986,ols,0.0,2.8523437193158344e+18,1.6086358378875578,0.04510345749956101,0.0020343218784147064,0.1992826018040608,5.2593692399125356e-05,n=1000
2,51,1000,80,0.1935873133509986,ols,0.0,1.5592819260097438e+19,1.7185705120572408,0.04507371014694162,0.0020316393464105084,0.19849767243387165,5.0738242076776553e-05,n=1000
2,52,1000,80,0.1935873133509986,ols,0.0,1.9559835941172485e+18,1.658710244352186,0.04379741804913645,0.001918213827770823,0.19859671184471792,4.9743166852669086e-05,n=1000
2,53,1000,80,0.1935873133509986,ols,0.0,1.8836388034301043e+18,1.7216381633800244,0.044356203114642716,0.0019674727547474404,0.19797857189986146,5.266880977942612e-05,n=1000
2,54,1000,80,0.1935873133509986,ols,0.0,1.3106665590376156e+18,1.7304923626710507,0.044463602707892055,0.001977011965765266,0.19867202120460234,5.2412095420480185e-05,n=1000
2,55,1000,80,0.1935873133509986,ols,0.0,2.071424156695403e+18,1.6756804405702195,0.045053067482487566,0.0020297788895815784,0.19915608772423662,5.4799495385325346e-05,n=1000
2,56,1000,80,0.1935873133509986,ols,0.0,4.512404295209167e+18,1.6882813599896975,0.04447306069605479,0.001977853127674974,0.19962698962231124,5.062720225250475e-05,n=1000
2,57,1000,80,0.1935873133509986,ols,0.0,3.3932324399178127e+18,1.685635804048357,0.04411009048635593,0.001945700082714508,0.19836536966608237,5.1765191802382736e-05,n=1000
2,58,1000,80,0.1935873133509986,ols,0.0,1.3650132595595523e+18,1.7751394461147083,0.04420532296467903,0.0019541105784115793,0.19794768398108759,5.3122478362099183e-05,n=1000
2,59,1000,80,0.1935873133509986,ols,0.0,3.744324371751157e+18,1.7789684019852745,0.04522895001557911,0.0020456579195117534,0.1990299446334881,5.047114076226197e-05,n=1000
2,60,1000,80,0.1935873133509986,ols,0.0,4.2919204857746514e+18,1.6567334956471962,0.04376586685152151,0.0019154511012651092,0.19804978994064987,5.247349572450429e-05,n=1000
2,61,1000,80,0.1935873133509986,ols,0.0,3.3623485258962975e+18,1.742994171184373,0.04444890443451994,0.0019757051054290864,0.19879847601496226,5.502438764614264e-05,n=1000
2,62,1000,80,0.1935873133509986,ols,0.0,4.1219611438169416e+18,1.723284587375485,0.043810468117196646,0.0019193571166479038,0.198597249863109,5.271609066291213e-05,n=1000
2,63,1000,80,0.1935873133509986,ols,0.0,6.902903178906947e+18,1.671525956743901,0.04474615026584055,0.0020022179636131824,0.1988056188436782,5.090681487447301e-05,n=1000
2,64,1000,80,0.1935873133509986,ols,0.0,6.606370333510051e+18,1.7004256174974197,0.04484817761979768,0.002011359035816922,0.1986107974509134,5.3318511739260315e-05,n=1000
2,65,1000,80,0.1935873133509986,ols,0.0,4.484166245597209e+18,1.699374588708492,0.04438327510352557,0.0019698751089152326,0.1989169919568143,5.2957295022527256e-05,n=1000
2,66,1000,80,0.1935873133509986,ols,0.0,1.0840317951114707e+19,1.7203904333670095,0.04437749765210172,0.0019693622978622935,0.19841931151144518,5.387846434052225e-05,n=1000
2,67,1000,80,0.1935873133509986,ols,0.0,1.7454005281832003e+18,1.7958311237168507,0.044681353451541166,0.0019964233462615496,0.1988189913855155,5.349928594134626e-05,n=1000
2,68,1000,80,0.1935873133509986,ols,0.0,5.4516825988952736e+19,1.709359968656024,0.044086383459045475,0.0019436092064979984,0.19953493457639934,4.9512993221246774e-05,n=1000
2,69,1000,80,0.1935873133509986,ols,0.0,1.040116439650337e+18,1.7065333566218326,0.04438169677533622,0.0019697350086578893,0.19790376037249735,5.069928837920733e-05,n=1000
2,70,1000,80,0.1935873133509986,ols,0.0,8.643573511644745e+18,1.7565707698314714,0.04493498060310615,0.002019152481801526,0.1986812637013827,5.112932421807011e-05,n=1000
2,71,1000,80,0.1935873133509986,ols,0.0,1.6895497854554765e+18,1.737443683307736,0.044340417135630306,0.001966072591761698,0.19949385271733924,5.37435895458258e-05,n=1000
2,72,1000,80,0.1935873133509986,ols,0.0,1.8596759095813092e+18,1.7533193231927238,0.045034797304523526,0.0020281329682595196,0.1982224648822968,5.381022120079688e-05,n=1000
2,73,1000,80,0.1935873133509986,ols,0.0,4.210552984362418e+19,1.6537616071815193,0.04424138346927437,0.0019573000112753833,0.19836045394943816,5.202126200719352e-05,n=1000
2,74,1000,80,0.1935873133509986,ols,0.0,8.222393775222929e+18,1.5839813434382801,0.04315631586474631,0.0018624675990177543,0.19880938698808878,5.300625823286211e-05,n=1000
2,75,1000,80,0.1935873133509986,ols,0.0,6.785846617424258e+19,1.7500657341086459,0.04462449524687232,0.0019913455760381302,0.19974580742848336,5.2934166125593335e-05,n=1000
2,76,1000,80,0.1935873133509986,ols,0.0,1.3645141862742062e+18,1.8217233330795626,0.045738236608602115,0.002091986288064471,0.198260469408077,5.476096945261744e-05,n=1000
2,77,1000,80,0.1935873133509986,ols,0.0,2.1208418563735647e+18,1.6733324950255832,0.04486543845389266,0.00201290756766003,0.19870235611422682,4.878963228761069e-05,n=1000
2,78,1000,80,0.1935873133509986,ols,0.0,5.23370863563168e+18,1.6055235371162695,0.044208670575740655,0.0019544065540743577,0.1986723339499337,5.442755274182216e-05,n=1000
2,79,1000,80,0.1935873133509986,ols,0.0,3.157324480768789e+20,1.6425473948331233,0.043962074511546406,0.0019326639953587581,0.19845811661548984,5.315262479180962e-05,n=1000
2,80,1000,80,0.1935873133509986,ols,0.0,5.863768493353577e+18,1.6787672506560904,0.043658931121921096,0.0019061022667086504,0.1980250341519994,5.4726969410265844e-05,n=1000
2,81,1000,80,0.1935873133509986,ols,0.0,2.0648873489704518e+19,1.7440792036174906,0.04528667500941078,0.002050882933407991,0.20010937549218236,5.192315476734045e-05,n=1000
2,82,1000,80,0.1935873133509986,ols,0.0,9.036355940745817e+18,1.730512083961567,0.04444639774963996,0.0019754822729192,0.19909051417339915,5.453397008362332e-05,n=1000
2,83,1000,80,0.1935873133509986,ols,0.0,1.5505077520772017e+18,1.7747158688286795,0.04566631114460624,0.0020854119735559877,0.1991014291776396,5.372935182086588e-05,n=1000
2,84,1000,80,0.1935873133509986,ols,0.0,1.401732387399102e+19,1.6951215851449066,0.044279497436828824,0.0019606738932581302,0.19813545229553908,5.371593739700921e-05,n=1000
2,85,1000,80,0.1935873133509986,ols,0.0,2.1743415537561334e+18,1.7565684245483535,0.04534413075797484,0.00205609019419632,0.1977643703009694,5.1267373421761905e-05,n=1000
2,86,1000,80,0.1935873133509986,ols,0.0,1.1401912287743866e+20,1.709800437932255,0.04436341191507266,0.001968112316746411,0.1985036289575179,5.408519535446725e-05,n=1000
2,87,1000,80,0.1935873133509986,ols,0.0,8.403053915917944e+18,1.7323208531229983,0.04478401625210635,0.0020056081116689257,0.19831311706108956,5.1834888099786086e-05,n=1000
2,88,1000,80,0.1935873133509986,ols,0.0,5.635159674146587e+18,1.6967376548710247,0.044846599428395896,0.002011217480290999,0.19940228579544264,5.483788152263887e-05,n=1000
2,89,1000,80,0.1935873133509986,ols,0.0,1.150991661850699e+18,1.7503522895109966,0.04457628343759718,0.001987045045109001,0.19900351368371866,5.227339174527549e-05,n=1000
2,90,1000,80,0.1935873133509986,ols,0.0,3.615467116006083e+18,1.659728814363545,0.0444762221835468,0.00197813433972022,0.19771412367954605,5.198323342596535e-05,n=1000
2,91,1000,80,0.1935873133509986,ols,0.0,2.43548159104944e+18,1.7939219535138158,0.04491395386988748,0.0020172632522263804,0.19933940776997378,5.401813174307989e-05,n=1000
2,92,1000,80,0.1935873133509986,ols,0.0,9.174886897664877e+17,1.667479746426408,0.04393546576430166,0.001930325151926123,0.19874584462295955,5.2639404376062476e-05,n=1000
2,93,1000,80,0.1935873133509986,ols,0.0,1.4387854827890847e+18,1.6444001393293848,0.04458556468172971,0.0019878725779887037,0.1983517636663528,5.4973893181449256e-05,n=1000
2,94,1000,80,0.1935873133509986,ols,0.0,2.9982086291402885e+18,1.6591475602813452,0.04449441045002136,0.00197975256129497,0.19872282587206214,5.310023743564816e-05,n=1000
2,95,1000,80,0.1935873133509986,ols,0.0,3.2073428553749857e+18,1.7113899196231028,0.04422439093510846,0.0019557967535813034,0.19913391683759,5.31077331988871e-05,n=1000
2,96,1000,80,0.1935873133509986,ols,0.0,1.0522862725803768e+19,1.6908198926496882,0.0439257656292204,0.0019294728861131997,0.1981473052548635,5.279889276518455e-05,n=1000
2,97,1000,80,0.1935873133509986,ols,0.0,1.885750115737051e+19,1.6876307978039873,0.04429173252219928,0.0019617575698180453,0.19934080901571835,5.398003548185836e-05,n=1000
2,98,1000,80,0.1935873133509986,ols,0.0,3.426679180852719e+18,1.5975662248723648,0.04398282056841463,0.0019344885051533567,0.1980666668239535,5.088171416881848e-05,n=1000
2,99,1000,80,0.1935873133509986,ols,0.0,5.607088571930929e+18,1.6672309853900673,0.04400196802217071,0.0019361731898241339,0.19844790854285896,5.02618721309224e-05,n=1000
2,0,2000,80,0.1935873133509986,ols,0.0,3.2496190667680476e+18,0.8200037825194095,0.03125114283481986,0.000976633928482313,0.19533046061301404,5.510781629351187e-05,n=2000
2,1,2000,80,0.1935873133509986,ols,0.0,1.9257080705972431e+18,0.8226181391583693,0.031086222872305266,0.0009663532524666351,0.19612336671940797,5.103680496580531e-05,n=2000
2,2,2000,80,0.1935873133509986,ols,0.0,1.606222078391778e+19,0.8576895318686144,0.0318264987831126,0.0010129260247914679,0.19523167864536617,5.306703207240453e-05,n=2000
2,3,2000,80,0.1935873133509986,ols,0.0,2.821240609301393e+18,0.8303800485639645,0.031000744908267232,0.0009610461848674566,0.1969170105334666,5.709074778664383e-05,n=2000
2,4,2000,80,0.1935873133509986,ols,0.0,8.490319311152912e+18,0.7933560586537545,0.030699341017449092,0.0009424495389056323,0.1942907475697901,5.2968396206705836e-05,n=2000
2,5,2000,80,0.1935873133509986,ols,0.0,1.6413271731879565e+19,0.7939941031153555,0.030824659508293765,0.0009501596338022452,0.19530824065566024,5.448684545971932e-05,n=2000
2,6,2000,80,0.1935873133509986,ols,0.0,1.644206455468898e+18,0.8436495309185017,0.03113192474668429,0.0009691967384332137,0.19615924528110443,5.318757277661951e-05,n=2000
2,7,2000,80,0.1935873133509986,ols,0.0,2.0585040593214407e+19,0.8452431949548831,0.03082179996245709,0.0009499833529257198,0.19648388262704256,5.138010768434247e-05,n=2000
2,8,2000,80,0.1935873133509986,ols,0.0,1.0198625392734415e+18,0.8253600622633088,0.03100032405596171,0.0009610200915746382,0.1966689353552164,5.169111133992289e-05,n=2000
2,9,2000,80,0.1935873133509986,ols,0.0,3.9471474789921725e+18,0.8430308377697524,0.031770264695692926,0.0010093497188343923,0.19621430305708842,5.072345414322988e-05,n=2000
2,10,2000,80,0.1935873133509986,ols,0.0,2.295549137146531e+18,0.840978841059634,0.03126788120535226,0.0009776803950720212,0.19722977929343477,5.316270753126883e-05,n=2000
2,11,2000,80,0.1935873133509986,ols,0.0,1.8812660577949857e+18,0.8145365331246992,0.031145153071584275,0.0009700205598524153,0.19509848157545334,5.3697127756109454e-05,n=2000
2,12,2000,80,0.1935873133509986,ols,0.0,3.373211271923614e+18,0.8237959891211899,0.030945453734235958,0.0009576211068177382,0.1965495012729889,5.199663545629626e-05,n=2000
2,13,2000,80,0.1935873133509986,ols,0.0,2.4826587044242396e+18,0.8559032891117443,0.03145302307525178,0.0009892926605723211,0.196357926096777,5.1746708403264714e-05,n=2000
2,14,2000,80,0.1935873133509986,ols,0.0,2.9221981451527593e+18,0.8290621715369645,0.031140285602997368,0.000969717387436245,0.1960739259623809,5.382765909256619e-05,n=2000
2,15,2000,80,0.1935873133509986,ols,0.0,2.0993016717795906e+19,0.8257465675672307,0.030969482935465968,0.0009591088732901177,0.19656721655369874,5.2218938782747944e-05,n=2000
2,16,2000,80,0.1935873133509986,ols,0.0,3.5169147004259763e+18,0.8018393247962525,0.030481902894222857,0.0009291464040528318,0.1973908650226101,5.0126008701634805e-05,n=2000
2,17,2000,80,0.1935873133509986,ols,0.0,3.369943467774879e+18,0.7863784833540154,0.030690245090496126,0.0009418911437147216,0.19619133356978483,5.3117063411312544e-05,n=2000
2,18,2000,80,0.1935873133509986,ols,0.0,2.6150600211821353e+18,0.8613712004817348,0.03099104096907061,0.0009604446203466129,0.19677319206876837,5.7792492483018564e-05,n=2000
2,19,2000,80,0.1935873133509986,ols,0.0,2.7418741273091625e+19,0.800629293814523,0.030991342094994948,0.0009604632848490058,0.195462031281698,5.355426471978017e-05,n=2000
2,20,2000,80,0.1935873133509986,ols,0.0,8.774439249223559e+18,0.8173056429703816,0.030575287547812087,0.0009348482086313929,0.19560940351604122,5.226888531848836e-05,n=2000
2,21,2000,80,0.1935873133509986,ols,0.0,1.1078256625699746e+19,0.8716420413737928,0.03140840130203879,0.000986487672349912,0.19580715035874832,5.179896222363171e-05,n=2000
2,22,2000,80,0.1935873133509986,ols,0.0,2.879632110112175e+19,0.884816295340033,0.03171999613106148,0.0010061581545545552,0.19561106341022286,4.950385026395036e-05,n=2000
2,23,2000,80,0.1935873133509986,ols,0.0,4.1975568132898775e+19,0.8661673617972682,0.031177661834862442,0.0009720465974890381,0.1957245900843203,5.186341927364999e-05,n=2000
2,24,2000,80,0.1935873133509986,ols,0.0,1.5323181197293573e+18,0.8051521596446937,0.031167727273562405,0.0009714272233991658,0.19534089157195275,5.1582156841209753e-05,n=2000
2,25,2000,80,0.1935873133509986,ols,0.0,1.670582582937223e+18,0.8516393045027124,0.03078923529071316,0.0009479770097868968,0.19507622364471375,5.1239805422618074e-05,n=2000
2,26,2000,80,0.1935873133509986,ols,0.0,2.706753468425234e+18,0.7862222840087212,0.031023049886404787,0.00096242962425436,0.19621856358362205,5.3697285581738234e-05,n=2000
2,27,2000,80,0.1935873133509986,ols,0.0,7.82643661447487e+18,0.8202323172866858,0.03068570707006656,0.0009416126183899328,0.19611805240328944,5.3709965999440266e-05,n=2000
2,28,2000,80,0.1935873133509986,ols,0.0,3.070309115833707e+18,0.877209346955237,0.031073415688919817,0.0009655571625764082,0.19679725254611885,5.405517827018571e-05,n=2000
2,29,2000,80,0.1935873133509986,ols,0.0,2.826050358200435e+18,0.83714022610673,0.03113048098317374,0.0009691068462437418,0.19664361030659014,4.982804983083985e-05,n=2000
2,30,2000,80,0.1935873133509986,ols,0.0,7.674599302869924e+18,0.8274481821695471,0.031028615608440023,0.0009627749865763278,0.19594128077092224,5.202942296305838e-05,n=2000
2,31,2000,80,0.1935873133509986,ols,0.0,2.6141841330091586e+19,0.8362269564444753,0.03118409047331344,0.0009724474986477981,0.19649718018770396,5.5028299444073225e-05,n=2000
2,32,2000,80,0.1935873133509986,ols,0.0,3.2402038875858007e+18,0.8197103025753644,0.030675613007781113,0.0009409932334031499,0.19572759443970647,4.9695397728685345e-05,n=2000
2,33,2000,80,0.1935873133509986,ols,0.0,1.2690453734545826e+19,0.8388252931451443,0.03118771208161335,0.0009726733848856114,0.19643298662247194,5.32151736962363e-05,n=2000
2,34,2000,80,0.1935873133509986,ols,0.0,7.028204780390997e+18,0.821752985582828,0.031063349010105164,0.0009649316517236014,0.19647577007037043,5.365300128105152e-05,n=2000
2,35,2000,80,0.1935873133509986,ols,0.0,3.4830805243042284e+19,0.8201229504066871,0.031222375928792467,0.0009748367586388393,0.19854598835809728,5.0204811527237624e-05,n=2000
2,36,2000,80,0.1935873133509986,ols,0.0,9.484808969832847e+18,0.8184918580103165,0.03062424617616222,0.0009378444538581863,0.19506998183986146,5.23747906776251e-05,n=2000
2,37,2000,80,0.1935873133509986,ols,0.0,4.022400027316529e+18,0.81005216807437,0.031542935865794604,0.0009949568030336315,0.19699979303387546,5.235458539478705e-05,n=2000
2,38,2000,80,0.1935873133509986,ols,0.0,4.6017557212503117e+18,0.8078826467547,0.030922057694931598,0.0009561736520886785,0.1977183094550135,5.4052638258667906e-05,n=2000
2,39,2000,80,0.1935873133509986,ols,0.0,2.981196848307994e+18,0.7753018939024895,0.030159677833007492,0.0009096061669908035,0.19707640237232382,5.4443860652482096e-05,n=2000
2,40,2000,80,0.1935873133509986,ols,0.0,1.53680981166781e+18,0.8514826066722695,0.03147943074339759,0.0009909545599283654,0.19695649569285748,5.44799895416896e-05,n=2000
2,41,2000,80,0.1935873133509986,ols,0.0,3.3393456871570995e+18,0.7564966632747853,0.030118170353750896,0.0009071041854575594,0.19584537915876543,5.3943537799811955e-05,n=2000
2,42,2000,80,0.1935873133509986,ols,0.0,1.666751200927855e+20,0.8307936263649544,0.03139643407293799,0.0009857360724963417,0.19703356846237885,5.2678006146482086e-05,n=2000
2,43,2000,80,0.1935873133509986,ols,0.0,1.6937262096684167e+19,0.859416402357227,0.031652961301719726,0.0010019099591681666,0.19522792698379307,5.072125575244605e-05,n=2000
2,44,2000,80,0.1935873133509986,ols,0.0,1.5617010199101948e+19,0.8281770046562039,0.031044418245863393,0.0009637559042240958,0.1961372117766832,5.386007755720834e-05,n=2000
2,45,2000,80,0.1935873133509986,ols,0.0,4.415489323221109e+18,0.8076101331067821,0.0309070467280419,0.0009552455374493656,0.19589923497557699,5.382319138455914e-05,n=2000
2,46,2000,80,0.1935873133509986,ols,0.0,1.424547798757694e+21,0.8608748474491837,0.0311331585714943,0.0009692735626378092,0.19703825243515805,4.996118197806365e-05,n=2000
2,47,2000,80,0.1935873133509986,ols,0.0,3.025278501660908e+18,0.8261089550287766,0.030997005819432537,0.0009608143697699346,0.19636235887113437,5.512888907048817e-05,n=2000
2,48,2000,80,0.1935873133509986,ols,0.0,6.569610343333999e+18,0.8662708057715548,0.031142519293176584,0.0009698565079258757,0.19508344829278823,5.3911324612864915e-05,n=2000
2,49,2000,80,0.1935873133509986,ols,0.0,1.3188048102572001e+19,0.8318685775862826,0.03072524948107392,0.0009440409556742332,0.1953276240606202,5.243924109021897e-05,n=2000
2,50,2000,80,0.1935873133509986,ols,0.0,1.6772293030612265e+18,0.8255197598739327,0.030761872476527466,0.0009462927982621381,0.19554808914261979,5.317749222455713e-05,n=2000
2,51,2000,80,0.1935873133509986,ols,0.0,4.0718161205706286e+18,0.7990829276051794,0.03085570951722347,0.0009520748098112751,0.19478867477915243,5.2364117226992215e-05,n=2000
2,52,2000,80,0.1935873133509986,ols,0.0,3.4396456377657364e+19,0.8440804520774343,0.03172749621984371,0.0010066340163801966,0.19585829875553012,5.295583543665244e-05,n=2000
2,53,2000,80,0.1935873133509986,ols,0.0,2.5614319813410975e+18,0.8073873602401094,0.03141724322811823,0.0009870431720547408,0.19730211961169813,5.477154703170322e-05,n=2000
2,54,2000,80,0.1935873133509986,ols,0.0,3.5539760955694643e+18,0.8631410089163977,0.0314069744986674,0.0009863980471599447,0.19654104147330378,5.154039868106381e-05,n=2000
2,55,2000,80,0.1935873133509986,ols,0.0,1.7396763567012636e+20,0.8152063119855643,0.030795081342494323,0.0009483370348908419,0.19556862667651087,5.3925733406254824e-05,n=2000
2,56,2000,80,0.1935873133509986,ols,0.0,6.578431494026354e+18,0.8351270441578788,0.03125670562107666,0.000976981646282645,0.19750069657714964,5.374882728929249e-05,n=2000
2,57,2000,80,0.1935873133509986,ols,0.0,2.07123908674772e+19,0.8294658255795221,0.030553720528444343,0.0009335298381302813,0.19635253728416327,5.6925085442474196e-05,n=2000
2,58,2000,80,0.1935873133509986,ols,0.0,2.9771385236112916e+18,0.8632449084931858,0.03149246920166001,0.0009917756164175044,0.1967709508791977,4.931330897079412e-05,n=2000
2,59,2000,80,0.1935873133509986,ols,0.0,1.5170251835813555e+18,0.8282221986555196,0.030797431367987863,0.0009484817788659226,0.19536447147945088,5.0491760989283675e-05,n=2000
2,60,2000,80,0.1935873133509986,ols,0.0,3.939190796006041e+18,0.7859325073504105,0.031051087965017262,0.0009641700638112399,0.19686462697811025,5.381298941436893e-05,n=2000
2,61,2000,80,0.1935873133509986,ols,0.0,1.1997126774777009e+18,0.7948509474602983,0.03081576067810274,0.0009496111061701033,0.1956001850757617,5.1808010171103274e-05,n=2000
2,62,2000,80,0.1935873133509986,ols,0.0,3.1041820406834355e+18,0.834373169822961,0.03173785583162493,0.0010072914927890086,0.1963273139737297,5.233254065834819e-05,n=2000
2,63,2000,80,0.1935873133509986,ols,0.0,1.3982669204518461e+18,0.8051844884920094,0.030622510302169004,0.0009377381372064468,0.19646760133481192,5.238290035908511e-05,n=2000
2,64,2000,80,0.1935873133509986,ols,0.0,3.993934285857516e+18,0.8008677371182827,0.031093707340950263,0.0009668186362046642,0.1962051144798208,5.0346668980072126e-05,n=2000
2,65,2000,80,0.1935873133509986,ols,0.0,1.7115159009875146e+18,0.8790359807967445,0.03181863842571188,0.0010124257512661885,0.19595520792572493,5.270489911905931e-05,n=2000
2,66,2000,80,0.1935873133509986,ols,0.0,1.2707998256746616e+18,0.799830676919043,0.030690966206352397,0.0009419354066794648,0.1962043739293477,5.3482676865261404e-05,n=2000
2,67,2000,80,0.1935873133509986,ols,0.0,3.777950220548977e+18,0.8034145534126361,0.03125383618256656,0.0009768022761267065,0.19759679104489816,5.5336196819832005e-05,n=2000
2,68,2000,80,0.1935873133509986,ols,0.0,2.5497951740997084e+18,0.8194230840010668,0.03078246383500472,0.0009475600797533735,0.1972198479695792,5.194711903843781e-05,n=2000
2,69,2000,80,0.1935873133509986,ols,0.0,4.923482003121926e+18,0.8309942114824999,0.030911626827909888,0.0009555286731479584,0.19505559708118597,5.3501340184412576e-05,n=2000
2,70,2000,80,0.1935873133509986,ols,0.0,1.4896093798808297e+19,0.8105852171807645,0.030474450494278913,0.0009286921329282564,0.19482725517933153,5.045646849875323e-05,n=2000
2,71,2000,80,0.1935873133509986,ols,0.0,1.6936045257500444e+18,0.8518234591349969,0.030880570200571594,0.0009536096159124303,0.19654571419189498,5.1658368785703905e-05,n=2000
2,72,2000,80,0.1935873133509986,ols,0.0,6.057682206231083e+18,0.7968484825135285,0.030851768896322556,0.0009518316440320959,0.19560011834622745,5.4523405506991754e-05,n=2000
2,73,2000,80,0.1935873133509986,ols,0.0,3.5285568357862195e+18,0.8279184072347809,0.030853068940010744,0.0009519118630170557,0.1960917105151478,5.2954588024018686e-05,n=2000
2,74,2000,80,0.1935873133509986,ols,0.0,4.749443281453128e+18,0.7888121757974887,0.030981378579183202,0.0009598458186666716,0.19618781290265566,4.998599940698625e-05,n=2000
2,75,2000,80,0.1935873133509986,ols,0.0,1.4024265610949338e+18,0.8239289653428713,0.030692942480287356,0.0009420567180982282,0.19679492355361783,5.6476877098521714e-05,n=2000
2,76,2000,80,0.1935873133509986,ols,0.0,1.6893930145836687e+19,0.820256585450833,0.03063686898052387,0.0009386177409297858,0.19591693382220537,5.3835757155077644e-05,n=2000
2,77,2000,80,0.1935873133509986,ols,0.0,2.542021530792548e+19,0.816115981251383,0.030797312278433082,0.0009484744435753252,0.19632404358193162,5.237314783139535e-05,n=2000
2,78,2000,80,0.1935873133509986,ols,0.0,2.5853258960477643e+19,0.8459727616988768,0.03124851866625258,0.000976469918835136,0.1949675384978963,5.2424077103208446e-05,n=2000
2,79,2000,80,0.1935873133509986,ols,0.0,4.0864540793086817e+18,0.8118259004498105,0.030673061438787487,0.0009408366980276319,0.19775100647851038,5.1776465967879354e-05,n=2000
2,80,2000,80,0.1935873133509986,ols,0.0,4.129446712291343e+18,0.8252026082206624,0.03158193381509231,0.0009974185435008714,0.1973164146722703,5.335809275594272e-05,n=2000
2,81,2000,80,0.1935873133509986,ols,0.0,4.593815304452334e+18,0.8139374060379319,0.031200806568762028,0.0009734903305413038,0.19666524352403975,5.235103350556426e-05,n=2000
2,82,2000,80,0.1935873133509986,ols,0.0,1.2169889795272294e+18,0.7982465708895016,0.031036326928064954,0.0009632535891857298,0.1958996673994854,5.29159131360581e-05,n=2000
2,83,2000,80,0.1935873133509986,ols,0.0,4.4801388198180823e+18,0.8142091817975728,0.031082502887055406,0.0009661219857238077,0.19623684833874852,5.024990549616542e-05,n=2000
2,84,2000,80,0.1935873133509986,ols,0.0,2.7786325373204706e+20,0.8210335793009943,0.031319579503887,0.000980916060300299,0.19663922813895246,5.393623094192275e-05,n=2000
2,85,2000,80,0.1935873133509986,ols,0.0,1.6458970618538926e+19,0.8051420248657949,0.03110325919742665,0.0009674127327023055,0.19612932776247327,4.9367429343080006e-05,n=2000
2,86,2000,80,0.1935873133509986,ols,0.0,2.6790351217365115e+19,0.8454642037384572,0.031124465379141403,0.0009687323451373718,0.1962989213822065,5.4265102679343906e-05,n=2000
2,87,2000,80,0.1935873133509986,ols,0.0,9.43386012688262e+18,0.8297748525841689,0.03138308304466333,0.0009848979013882349,0.19572352425628614,5.2301146882641534e-05,n=2000
2,88,2000,80,0.1935873133509986,ols,0.0,5.568528364187343e+18,0.8134662960982675,0.0309188826247383,0.000955977302762344,0.1960478726797775,5.353512694927399e-05,n=2000
2,89,2000,80,0.1935873133509986,ols,0.0,1.955818142985097e+18,0.8389192902566844,0.031248948514650734,0.0009764967832712923,0.19642138658338626,5.464540430851953e-05,n=2000
2,90,2000,80,0.1935873133509986,ols,0.0,4.327968845675681e+18,0.8238647270731875,0.030898287517230106,0.0009547041714974177,0.1947078589599574,5.41197702487047e-05,n=2000
2,91,2000,80,0.1935873133509986,ols,0.0,1.0351673511263179e+19,0.8656181096609228,0.03143211619447899,0.0009879779284632285,0.1966264998101742,5.4611261490779086e-05,n=2000
2,92,2000,80,0.1935873133509986,ols,0.0,6.336701884544279e+18,0.8710694491673452,0.031978936018441484,0.001022652348871574,0.19599126569702643,5.635184280554864e-05,n=2000
2,93,2000,80,0.1935873133509986,ols,0.0,2.2907929910088072e+18,0.8144613817629707,0.03111303622907076,0.0009680210233914696,0.19579243672871283,5.189737321776149e-05,n=2000
2,94,2000,80,0.1935873133509986,ols,0.0,2.9174377393686697e+18,0.7923338589319496,0.030898746580595104,0.0009547325402518376,0.19568212811376695,5.421040767310498e-05,n=2000
2,95,2000,80,0.1935873133509986,ols,0.0,2.0395817712403902e+19,0.8000217466983801,0.030382680454914743,0.0009231072716254584,0.1957255844183002,5.458476751956281e-05,n=2000
2,96,2000,80,0.1935873133509986,ols,0.0,4.3841162547677015e+18,0.8061176730801249,0.030767629921089827,0.0009466470509611421,0.19702541231158482,5.4440391052893654e-05,n=2000
2,97,2000,80,0.1935873133509986,ols,0.0,2.2274910336338957e+18,0.8076840904009559,0.030290983412679145,0.0009175436761072031,0.19697668476581975,5.011876827720724e-05,n=2000
2,98,2000,80,0.1935873133509986,ols,0.0,2.4644559181716533e+19,0.8175566659330872,0.030996168953342552,0.0009607624897841568,0.19617308538794526,5.087925657848516e-05,n=2000
2,99,2000,80,0.1935873133509986,ols,0.0,2.8889540611857556e+18,0.7831736325149913,0.030584938594165268,0.00093543846880886,0.19441051154759656,4.965592158198831e-05,n=2000
